Gene_Name	MGI_essential_gene
A1CF	1
A4GALT	1
AARS	1
AARS2	1
AATF	1
ABCA1	1
ABCA12	1
ABCA2	1
ABCA3	1
ABCA5	1
ABCB1	1
ABCB10	1
ABCB11	1
ABCB6	1
ABCB7	1
ABCC1	1
ABCC10	1
ABCC4	1
ABCC9	1
ABCD1	1
ABCE1	1
ABCF1	1
ABCG5	1
ABHD16A	1
ABHD5	1
ABI1	1
ABI3BP	1
ABL1	1
ABL2	1
ABR	1
ACACA	1
ACADL	1
ACADM	1
ACADS	1
ACADVL	1
ACAN	1
ACAT2	1
ACBD3	1
ACD	1
ACE	1
ACE2	1
ACHE	1
ACKR3	1
ACLY	1
ACO1	1
ACSL4	1
ACSS1	1
ACTA1	1
ACTB	1
ACTC1	1
ACTG1	1
ACTL6A	1
ACTL6B	1
ACTN4	1
ACTR2	1
ACTR3	1
ACTR6	1
ACTR8	1
ACVR1	1
ACVR1B	1
ACVR2A	1
ACVR2B	1
ACVRL1	1
ADA	1
ADAD1	1
ADAM10	1
ADAM12	1
ADAM15	1
ADAM17	1
ADAM19	1
ADAM22	1
ADAM23	1
ADAM9	1
ADAMTS1	1
ADAMTS13	1
ADAMTS20	1
ADAMTS3	1
ADAMTS4	1
ADAMTS9	1
ADAMTSL2	1
ADAR	1
ADARB1	1
ADCY3	1
ADCY7	1
ADCY9	1
ADCYAP1	1
ADCYAP1R1	1
ADD1	1
ADGRA1	1
ADGRA2	1
ADGRE5	1
ADGRF5	1
ADGRG6	1
ADGRL2	1
ADGRV1	1
ADH1A	1
ADH1B	1
ADH1C	1
ADH5	1
ADH7	1
ADIPOQ	1
ADK	1
ADM	1
ADNP	1
ADORA1	1
ADORA2B	1
ADRA1A	1
ADRA1B	1
ADRA2A	1
ADRA2B	1
ADRA2C	1
ADRB1	1
ADRM1	1
ADSL	1
AEBP1	1
AEBP2	1
AES	1
AFDN	1
AFF1	1
AFF2	1
AFF4	1
AFG3L2	1
AFMID	1
AGA	1
AGAP1	1
AGBL4	1
AGBL5	1
AGGF1	1
AGL	1
AGO2	1
AGPAT1	1
AGPAT2	1
AGPS	1
AGR2	1
AGRN	1
AGRP	1
AGT	1
AGTR1	1
AGTR2	1
AHCTF1	1
AHCY	1
AHI1	1
AHNAK	1
AHR	1
AHSP	1
AICDA	1
AIFM1	1
AIM2	1
AIMP2	1
AIP	1
AIRE	1
AK7	1
AKAP10	1
AKAP12	1
AKAP13	1
AKAP6	1
AKAP8	1
AKAP9	1
AKIRIN2	1
AKNA	1
AKR1A1	1
AKR1B1	1
AKT1	1
AKT2	1
AKT3	1
ALAS1	1
ALAS2	1
ALDH1A1	1
ALDH1A2	1
ALDH1A3	1
ALDH2	1
ALDH3B1	1
ALDH5A1	1
ALDOB	1
ALG10	1
ALG10B	1
ALG13	1
ALG2	1
ALG5	1
ALK	1
ALKBH1	1
ALKBH4	1
ALOX12B	1
ALOX15	1
ALOXE3	1
ALPG	1
ALPI	1
ALPK3	1
ALPL	1
ALS2	1
ALX1	1
ALX3	1
ALX4	1
AMACR	1
AMBRA1	1
AMD1	1
AMER1	1
AMHR2	1
AMN	1
AMOT	1
AMPD1	1
AMPD2	1
AMPD3	1
AMPH	1
AMT	1
ANAPC13	1
ANAPC15	1
ANAPC2	1
ANAPC4	1
ANGPT1	1
ANGPT2	1
ANGPTL3	1
ANGPTL4	1
ANGPTL6	1
ANK1	1
ANK2	1
ANK3	1
ANKFY1	1
ANKH	1
ANKLE1	1
ANKRD11	1
ANKRD16	1
ANKRD17	1
ANKS1B	1
ANKS6	1
ANO1	1
ANO6	1
ANP32A	1
ANP32B	1
ANP32E	1
ANTXR1	1
ANTXR2	1
ANXA1	1
ANXA7	1
AP1G1	1
AP1M1	1
AP1M2	1
AP2M1	1
AP3B1	1
AP3D1	1
APAF1	1
APBA1	1
APBA2	1
APBA3	1
APBB1	1
APBB2	1
APC	1
APCS	1
APELA	1
APEX1	1
APH1A	1
APLNR	1
APLP1	1
APLP2	1
APOA4	1
APOB	1
APOBEC1	1
APOBEC3B	1
APOD	1
APOE	1
APOH	1
APP	1
APRT	1
AQP1	1
AQP11	1
AQP2	1
AQP3	1
AQP4	1
AQP5	1
AR	1
ARAF	1
ARAP3	1
ARC	1
ARF1	1
ARF4	1
ARF6	1
ARFGEF1	1
ARFGEF2	1
ARFRP1	1
ARG1	1
ARHGAP1	1
ARHGAP21	1
ARHGAP29	1
ARHGAP33	1
ARHGAP35	1
ARHGAP5	1
ARHGAP6	1
ARHGDIA	1
ARHGDIB	1
ARHGEF1	1
ARHGEF11	1
ARHGEF12	1
ARHGEF15	1
ARHGEF18	1
ARHGEF7	1
ARID1A	1
ARID1B	1
ARID2	1
ARID3A	1
ARID3B	1
ARID4A	1
ARID4B	1
ARID5B	1
ARIH2	1
ARL13B	1
ARL3	1
ARL8B	1
ARMC4	1
ARMC5	1
ARMC7	1
ARMH3	1
ARNT	1
ARNT2	1
ARNTL	1
ARPC3	1
ARPC5L	1
ARRB1	1
ARRB2	1
ARRDC3	1
ARV1	1
ARX	1
ASAH1	1
ASCC2	1
ASCL1	1
ASCL2	1
ASF1A	1
ASGR1	1
ASGR2	1
ASH1L	1
ASH2L	1
ASIP	1
ASL	1
ASNA1	1
ASPA	1
ASPH	1
ASS1	1
ASXL1	1
ASXL2	1
ATAD1	1
ATAD3A	1
ATAD3B	1
ATAD3C	1
ATAD5	1
ATCAY	1
ATE1	1
ATF1	1
ATF2	1
ATF4	1
ATF5	1
ATF6	1
ATF6B	1
ATF7	1
ATG12	1
ATG16L1	1
ATG3	1
ATG4B	1
ATG5	1
ATG7	1
ATG9A	1
ATL2	1
ATM	1
ATMIN	1
ATN1	1
ATOH1	1
ATOH8	1
ATOX1	1
ATP11A	1
ATP1A1	1
ATP1A2	1
ATP1A3	1
ATP1B1	1
ATP1B2	1
ATP2A1	1
ATP2A2	1
ATP2B1	1
ATP2C1	1
ATP5F1B	1
ATP5F1E	1
ATP5MC2	1
ATP5MG	1
ATP5PB	1
ATP6AP1	1
ATP6AP2	1
ATP6V0A1	1
ATP6V0A4	1
ATP6V0C	1
ATP6V0D1	1
ATP6V1B2	1
ATP6V1C1	1
ATP6V1D	1
ATP6V1H	1
ATP7A	1
ATP7B	1
ATP8A2	1
ATP8B1	1
ATP8B2	1
ATR	1
ATRIP	1
ATRN	1
ATRX	1
ATXN1	1
ATXN10	1
ATXN1L	1
ATXN2	1
ATXN7	1
ATXN7L3	1
AURKA	1
AURKB	1
AUTS2	1
AVIL	1
AVP	1
AVPR2	1
AXIN1	1
AXIN2	1
AZIN1	1
B2M	1
B3GALNT1	1
B3GAT3	1
B3GNT5	1
B3GNT6	1
B4GALNT1	1
B4GALT1	1
B4GALT5	1
B4GAT1	1
B9D1	1
B9D2	1
BACE1	1
BACE2	1
BACH1	1
BAD	1
BAG1	1
BAG3	1
BAG6	1
BAHCC1	1
BAIAP2	1
BAK1	1
BAP1	1
BARD1	1
BARHL2	1
BARX1	1
BARX2	1
BASP1	1
BATF2	1
BAX	1
BAZ1B	1
BBC3	1
BBIP1	1
BBOX1	1
BBS1	1
BBS10	1
BBS4	1
BBS7	1
BCAR1	1
BCAS2	1
BCAS3	1
BCAT2	1
BCHE	1
BCKDK	1
BCL10	1
BCL11A	1
BCL11B	1
BCL2	1
BCL2A1	1
BCL2L1	1
BCL2L11	1
BCL3	1
BCL6	1
BCL7A	1
BCLAF1	1
BCOR	1
BCR	1
BCS1L	1
BDKRB2	1
BDNF	1
BECN1	1
BECN2	1
BGN	1
BHLHA15	1
BICC1	1
BICD2	1
BICDL1	1
BICRAL	1
BID	1
BIK	1
BIN1	1
BIRC2	1
BIRC3	1
BIRC5	1
BIRC6	1
BLM	1
BLMH	1
BLNK	1
BLOC1S1	1
BLOC1S2	1
BLOC1S6	1
BMF	1
BMI1	1
BMP1	1
BMP10	1
BMP2	1
BMP4	1
BMP5	1
BMP7	1
BMP8B	1
BMPER	1
BMPR1A	1
BMPR1B	1
BMPR2	1
BMS1	1
BNC2	1
BNIP3L	1
BOC	1
BPIFA1	1
BPNT1	1
BPTF	1
BRAF	1
BRAP	1
BRCA1	1
BRCA2	1
BRD1	1
BRD2	1
BRD4	1
BRD7	1
BRINP1	1
BRK1	1
BRMS1	1
BRPF1	1
BRSK1	1
BRSK2	1
BSCL2	1
BSG	1
BSN	1
BSND	1
BTC	1
BTF3	1
BTK	1
BTRC	1
BUB1	1
BUB1B	1
BUB3	1
BYSL	1
C12orf57	1
C16orf89	1
C19orf67	1
C1GALT1	1
C1GALT1C1	1
C1orf112	1
C1QA	1
C1QBP	1
C20orf144	1
C2CD3	1
C2orf80	1
C3	1
C3AR1	1
C3orf38	1
C4A	1
C4B	1
C5	1
C5AR1	1
C5AR2	1
C5orf30	1
C9orf116	1
C9orf72	1
CA12	1
CA14	1
CA2	1
CA4	1
CA5A	1
CA5B	1
CA9	1
CABIN1	1
CACNA1A	1
CACNA1B	1
CACNA1C	1
CACNA1S	1
CACNA2D2	1
CACNB1	1
CACNB2	1
CACNB4	1
CACNG2	1
CACNG3	1
CACNG4	1
CACNG8	1
CADPS	1
CADPS2	1
CALCA	1
CALCR	1
CALCRL	1
CALD1	1
CALR	1
CAMK2A	1
CAMK2D	1
CAMK2G	1
CAMK4	1
CAMLG	1
CAMP	1
CAMSAP3	1
CAMTA1	1
CANT1	1
CANX	1
CAP2	1
CAPN1	1
CAPN2	1
CAPN5	1
CAPN7	1
CAPNS1	1
CAPRIN1	1
CARD10	1
CARM1	1
CASC3	1
CASK	1
CASKIN1	1
CASP1	1
CASP12	1
CASP2	1
CASP3	1
CASP4	1
CASP7	1
CASP8	1
CASP8AP2	1
CASP9	1
CASQ2	1
CASR	1
CAST	1
CASZ1	1
CAT	1
CATSPERZ	1
CAV1	1
CAVIN1	1
CAVIN3	1
CBFA2T2	1
CBFB	1
CBL	1
CBLB	1
CBLIF	1
CBS	1
CBX1	1
CBX2	1
CBX3	1
CBX4	1
CBX5	1
CBY1	1
CC2D1A	1
CC2D2A	1
CCBE1	1
CCDC134	1
CCDC174	1
CCDC39	1
CCDC40	1
CCDC47	1
CCDC7	1
CCDC80	1
CCDC85C	1
CCDC86	1
CCDC88A	1
CCDC88B	1
CCL2	1
CCL22	1
CCL3	1
CCM2	1
CCM2L	1
CCN1	1
CCN2	1
CCN3	1
CCNA1	1
CCNA2	1
CCNB1	1
CCNB2	1
CCNC	1
CCND1	1
CCND2	1
CCND3	1
CCNE1	1
CCNE2	1
CCNF	1
CCNG1	1
CCNK	1
CCNO	1
CCNQ	1
CCNT2	1
CCNY	1
CCNYL1	1
CCP110	1
CCR1	1
CCR10	1
CCR2	1
CCT3	1
CD14	1
CD151	1
CD19	1
CD1D	1
CD200R1	1
CD200R1L	1
CD209	1
CD22	1
CD226	1
CD247	1
CD274	1
CD2AP	1
CD300A	1
CD36	1
CD3E	1
CD4	1
CD40LG	1
CD44	1
CD47	1
CD55	1
CD59	1
CD74	1
CD8A	1
CDAN1	1
CDC123	1
CDC14B	1
CDC20	1
CDC25A	1
CDC25B	1
CDC25C	1
CDC26	1
CDC34	1
CDC42	1
CDC45	1
CDC7	1
CDC73	1
CDCA5	1
CDCA8	1
CDCP1	1
CDH1	1
CDH2	1
CDH5	1
CDIPT	1
CDK1	1
CDK10	1
CDK11B	1
CDK12	1
CDK2	1
CDK2AP1	1
CDK4	1
CDK5	1
CDK5R1	1
CDK5R2	1
CDK5RAP2	1
CDK5RAP3	1
CDK6	1
CDK7	1
CDK8	1
CDK9	1
CDKN1A	1
CDKN1B	1
CDKN1C	1
CDKN2A	1
CDKN2B	1
CDKN2C	1
CDKN2D	1
CDO1	1
CDON	1
CDS2	1
CDSN	1
CDX2	1
CDX4	1
CEACAM1	1
CEBPA	1
CEBPB	1
CEBPD	1
CEBPE	1
CEBPG	1
CECR2	1
CELF1	1
CELF4	1
CELSR1	1
CELSR3	1
CENPA	1
CENPB	1
CENPC	1
CENPE	1
CENPF	1
CENPH	1
CENPJ	1
CENPL	1
CENPO	1
CENPU	1
CEP120	1
CEP131	1
CEP164	1
CEP290	1
CEP41	1
CEP57	1
CEP97	1
CER1	1
CERK	1
CERS1	1
CERS3	1
CETN2	1
CFAP54	1
CFC1	1
CFC1B	1
CFH	1
CFL1	1
CFL2	1
CFLAR	1
CFP	1
CFTR	1
CGAS	1
CGN	1
CHAF1A	1
CHAT	1
CHCHD3	1
CHD1	1
CHD2	1
CHD4	1
CHD7	1
CHD8	1
CHEK1	1
CHEK2	1
CHFR	1
CHGA	1
CHIC2	1
CHKA	1
CHM	1
CHMP3	1
CHMP4B	1
CHMP5	1
CHMP6	1
CHN1	1
CHORDC1	1
CHRD	1
CHRNA1	1
CHRNA3	1
CHRNA4	1
CHRNA7	1
CHRNB2	1
CHRNB4	1
CHRNE	1
CHRNG	1
CHST11	1
CHST14	1
CHTF18	1
CHTOP	1
CHUK	1
CIAO3	1
CIAPIN1	1
CIC	1
CINP	1
CISD2	1
CIT	1
CITED1	1
CITED2	1
CKAP4	1
CKAP5	1
CKS1B	1
CLCC1	1
CLCF1	1
CLCN1	1
CLCN3	1
CLCN7	1
CLCNKA	1
CLCNKB	1
CLDN1	1
CLDN4	1
CLDN5	1
CLDN6	1
CLDN7	1
CLEC12A	1
CLEC16A	1
CLEC1B	1
CLEC4D	1
CLEC4E	1
CLEC6A	1
CLEC7A	1
CLIC4	1
CLIP3	1
CLK1	1
CLMP	1
CLN3	1
CLN6	1
CLN8	1
CLNS1A	1
CLP1	1
CLPP	1
CLPS	1
CLSPN	1
CLUAP1	1
CLUH	1
CMAHP	1
CMIP	1
CMTM7	1
CNBP	1
CNGA2	1
CNGB1	1
CNN1	1
CNN3	1
CNNM2	1
CNNM4	1
CNOT1	1
CNOT3	1
CNOT4	1
CNOT6	1
CNP	1
CNPY3	1
CNR1	1
CNTFR	1
CNTN1	1
CNTNAP1	1
COA5	1
COG3	1
COIL	1
COL10A1	1
COL11A1	1
COL12A1	1
COL17A1	1
COL19A1	1
COL1A1	1
COL1A2	1
COL25A1	1
COL27A1	1
COL2A1	1
COL3A1	1
COL4A1	1
COL4A2	1
COL4A3	1
COL4A3BP	1
COL4A4	1
COL4A5	1
COL5A1	1
COL5A2	1
COL7A1	1
COLGALT1	1
COLQ	1
COMMD1	1
COMMD10	1
COMMD9	1
COP1	1
COPB2	1
COPS2	1
COPS3	1
COPS5	1
COPS6	1
COPS8	1
COQ2	1
COQ4	1
COQ6	1
COQ7	1
COQ9	1
COX10	1
COX15	1
COX17	1
COX19	1
COX4I1	1
COX5B	1
COX7A1	1
COX7C	1
CPA3	1
CPB2	1
CPEB2	1
CPEB4	1
CPLANE1	1
CPLX1	1
CPLX2	1
CPLX3	1
CPOX	1
CPS1	1
CPSF3	1
CPT1A	1
CPT1B	1
CPT2	1
CPVL	1
CR1L	1
CR2	1
CRABP1	1
CRABP2	1
CRADD	1
CRB1	1
CRB2	1
CRB3	1
CREB1	1
CREB3L2	1
CREB3L3	1
CREB5	1
CREBBP	1
CRELD1	1
CRHR1	1
CRIM1	1
CRIPT	1
CRISPLD2	1
CRK	1
CRKL	1
CRLF1	1
CRLF2	1
CRTC3	1
CRYBG1	1
CS	1
CSAD	1
CSE1L	1
CSF1	1
CSF1R	1
CSF2	1
CSF3R	1
CSGALNACT1	1
CSGALNACT2	1
CSK	1
CSNK1A1	1
CSNK1D	1
CSNK2A1	1
CSNK2B	1
CSRNP1	1
CSRNP2	1
CSRNP3	1
CSRP3	1
CST3	1
CST6	1
CTBP1	1
CTBP2	1
CTC1	1
CTCF	1
CTDNEP1	1
CTDSP2	1
CTDSPL2	1
CTH	1
CTLA4	1
CTNNA1	1
CTNNA2	1
CTNNA3	1
CTNNB1	1
CTNNBIP1	1
CTNNBL1	1
CTNND1	1
CTR9	1
CTSA	1
CTSB	1
CTSD	1
CTSF	1
CTSG	1
CTSV	1
CTTN	1
CUBN	1
CUL1	1
CUL3	1
CUL4A	1
CUL4B	1
CUL5	1
CUL7	1
CUL9	1
CUX1	1
CUX2	1
CUZD1	1
CWC27	1
CX3CR1	1
CXADR	1
CXCL10	1
CXCL12	1
CXCL14	1
CXCL6	1
CXCR2	1
CXCR3	1
CXCR4	1
CXXC1	1
CYBB	1
CYCS	1
CYFIP1	1
CYFIP2	1
CYLD	1
CYP11A1	1
CYP11B1	1
CYP11B2	1
CYP17A1	1
CYP1A1	1
CYP1A2	1
CYP24A1	1
CYP26A1	1
CYP26B1	1
CYP26C1	1
CYP2E1	1
CYP2U1	1
CYP3A7	1
CYP51A1	1
CYP7A1	1
CYS1	1
DAAM1	1
DAB1	1
DAB2	1
DACH1	1
DACT1	1
DAD1	1
DAG1	1
DAND5	1
DAP3	1
DAPK3	1
DARS	1
DARS2	1
DAXX	1
DAZAP1	1
DBF4	1
DBH	1
DBI	1
DBN1	1
DBNL	1
DBP	1
DBR1	1
DBT	1
DBX1	1
DCAF1	1
DCAF13	1
DCC	1
DCHS1	1
DCLK1	1
DCLK2	1
DCLRE1A	1
DCLRE1B	1
DCN	1
DCP2	1
DCPS	1
DCTN1	1
DCTN2	1
DCX	1
DDAH1	1
DDB1	1
DDB2	1
DDC	1
DDOST	1
DDR2	1
DDRGK1	1
DDX1	1
DDX11	1
DDX20	1
DDX21	1
DDX24	1
DDX3X	1
DDX41	1
DDX42	1
DDX51	1
DDX54	1
DDX55	1
DDX58	1
DDX59	1
DDX60	1
DEAF1	1
DEFB1	1
DEGS1	1
DENND2D	1
DENND4C	1
DENR	1
DEPDC5	1
DERL1	1
DERL2	1
DES	1
DGAT2	1
DGCR8	1
DGKD	1
DHCR24	1
DHCR7	1
DHDDS	1
DHFR	1
DHODH	1
DHPS	1
DHRS3	1
DHRS7B	1
DHX29	1
DHX30	1
DHX33	1
DHX35	1
DHX36	1
DHX58	1
DHX9	1
DIAPH1	1
DIAPH3	1
DICER1	1
DIDO1	1
DIO3	1
DIS3	1
DISP1	1
DKC1	1
DKK1	1
DLC1	1
DLD	1
DLG1	1
DLG3	1
DLG4	1
DLG5	1
DLK1	1
DLL1	1
DLL3	1
DLL4	1
DLX1	1
DLX2	1
DLX3	1
DLX5	1
DLX6	1
DMAP1	1
DMBT1	1
DMBX1	1
DMD	1
DMRT2	1
DMRT3	1
DMRTA2	1
DMTF1	1
DMXL2	1
DNA2	1
DNAAF1	1
DNAAF2	1
DNAAF4	1
DNAH11	1
DNAH5	1
DNAI1	1
DNAJA1	1
DNAJA3	1
DNAJB12	1
DNAJB6	1
DNAJB9	1
DNAJC11	1
DNAJC16	1
DNAJC17	1
DNAJC21	1
DNAJC24	1
DNAJC3	1
DNAJC5	1
DNAJC6	1
DNAJC8	1
DNAJC9	1
DNAL1	1
DNAL4	1
DNASE1	1
DNASE2	1
DND1	1
DNM1	1
DNM1L	1
DNM2	1
DNM3	1
DNMT1	1
DNMT3A	1
DNMT3B	1
DNMT3L	1
DOCK1	1
DOCK2	1
DOCK4	1
DOCK5	1
DOCK7	1
DOHH	1
DOK1	1
DOK2	1
DOK3	1
DOK7	1
DOLK	1
DONSON	1
DOT1L	1
DPAGT1	1
DPCD	1
DPF2	1
DPH1	1
DPH2	1
DPH3	1
DPM1	1
DPM2	1
DPM3	1
DPP9	1
DPPA2	1
DPPA3	1
DPPA4	1
DPY30	1
DRAP1	1
DRC3	1
DRD1	1
DRD2	1
DRD3	1
DRD5	1
DRGX	1
DROSHA	1
DSC3	1
DSCAM	1
DSCAML1	1
DSG2	1
DSG3	1
DSG4	1
DSP	1
DST	1
DSTN	1
DTL	1
DTNA	1
DUOXA2	1
DUSP1	1
DUSP16	1
DUSP6	1
DUSP9	1
DVL1	1
DVL2	1
DVL3	1
DYNC1H1	1
DYNC2H1	1
DYNC2LI1	1
DYNLL1	1
DYNLRB1	1
DYNLRB2	1
DYRK1A	1
DZANK1	1
DZIP1	1
DZIP1L	1
DZIP3	1
E2F1	1
E2F2	1
E2F3	1
E2F4	1
E2F5	1
E2F6	1
E2F7	1
E2F8	1
E4F1	1
EAF1	1
EAF2	1
EBF1	1
EBF2	1
EBF3	1
EBI3	1
EBP	1
ECD	1
ECE1	1
ECE2	1
ECEL1	1
ECM1	1
ECSIT	1
ECT2	1
EDA	1
EDAR	1
EDARADD	1
EDC4	1
EDIL3	1
EDN1	1
EDN2	1
EDN3	1
EDNRA	1
EDNRB	1
EEF1A1	1
EEF1A2	1
EEF1E1	1
EEF2	1
EFEMP1	1
EFEMP2	1
EFNA3	1
EFNA5	1
EFNB1	1
EFNB2	1
EFNB3	1
EFTUD2	1
EGFL7	1
EGFR	1
EGLN1	1
EGLN3	1
EGR1	1
EGR2	1
EGR3	1
EHBP1L1	1
EHD1	1
EHD3	1
EHD4	1
EHHADH	1
EHMT1	1
EHMT2	1
EI24	1
EIF2AK2	1
EIF2AK3	1
EIF2AK4	1
EIF2B3	1
EIF2B4	1
EIF2B5	1
EIF2S1	1
EIF2S2	1
EIF3B	1
EIF3C	1
EIF3H	1
EIF3M	1
EIF4E2	1
EIF4EBP1	1
EIF4G2	1
EIF6	1
ELAC2	1
ELANE	1
ELAVL1	1
ELAVL3	1
ELAVL4	1
ELF3	1
ELF5	1
ELK3	1
ELL	1
ELN	1
ELOA	1
ELOF1	1
ELOVL1	1
ELOVL4	1
ELOVL6	1
ELP1	1
ELP3	1
EMB	1
EMC4	1
EMC6	1
EMC7	1
EMG1	1
EMX1	1
EMX2	1
EN1	1
EN2	1
ENAH	1
ENDOG	1
ENG	1
ENHO	1
ENO1	1
ENPP1	1
ENPP2	1
ENPP3	1
EOMES	1
EP300	1
EP400	1
EPAS1	1
EPB41	1
EPB41L3	1
EPB41L5	1
EPC1	1
EPC2	1
EPCAM	1
EPG5	1
EPHA2	1
EPHA3	1
EPHB2	1
EPHB3	1
EPHB4	1
EPM2A	1
EPN1	1
EPN2	1
EPO	1
EPOR	1
EPRS	1
ERBB2	1
ERBB3	1
ERBB4	1
ERC1	1
ERCC1	1
ERCC2	1
ERCC3	1
ERCC4	1
ERCC5	1
ERCC6	1
ERCC8	1
ERF	1
ERG	1
ERI1	1
ERN1	1
ERP44	1
ERRFI1	1
ERVFRD-1	1
ESCO2	1
ESPL1	1
ESR1	1
ESR2	1
ESRP1	1
ESRP2	1
ESRRB	1
ESRRG	1
ESYT2	1
ESYT3	1
ETFDH	1
ETHE1	1
ETS1	1
ETS2	1
ETV1	1
ETV2	1
ETV4	1
ETV5	1
ETV6	1
EVC	1
EVC2	1
EVL	1
EVX1	1
EVX2	1
EWSR1	1
EXO1	1
EXOC1	1
EXOC3L2	1
EXOC4	1
EXOC5	1
EXOC6	1
EXOC8	1
EXOSC3	1
EXOSC8	1
EXOSC9	1
EXT1	1
EXT2	1
EXTL3	1
EYA1	1
EYA4	1
EZH1	1
EZH2	1
EZR	1
F10	1
F11	1
F11R	1
F13A1	1
F2	1
F2R	1
F2RL1	1
F2RL3	1
F3	1
F5	1
F7	1
F8	1
F9	1
FAAH	1
FABP3	1
FADD	1
FADS1	1
FADS2	1
FAF1	1
FAH	1
FAIM	1
FAM13B	1
FAM208A	1
FAM20A	1
FAM20B	1
FAM20C	1
FAM210A	1
FAM49B	1
FAM83H	1
FAN1	1
FANCA	1
FANCD2	1
FANCF	1
FANCI	1
FANCL	1
FANCM	1
FARSA	1
FAS	1
FASLG	1
FASN	1
FAT1	1
FAT4	1
FBL	1
FBLN1	1
FBN1	1
FBN2	1
FBP2	1
FBXL12	1
FBXL16	1
FBXL20	1
FBXL5	1
FBXO11	1
FBXO16	1
FBXO4	1
FBXO41	1
FBXO43	1
FBXO45	1
FBXO5	1
FBXW11	1
FBXW4	1
FBXW7	1
FBXW8	1
FBXW9	1
FCER1G	1
FCER2	1
FCGR2B	1
FCGRT	1
FCMR	1
FCN1	1
FCN2	1
FDFT1	1
FDX1	1
FECH	1
FEM1A	1
FEN1	1
FENDRR	1
FERMT1	1
FERMT2	1
FERMT3	1
FES	1
FEV	1
FEZF1	1
FEZF2	1
FFAR2	1
FGA	1
FGD5	1
FGF10	1
FGF13	1
FGF16	1
FGF18	1
FGF19	1
FGF2	1
FGF23	1
FGF3	1
FGF4	1
FGF8	1
FGF9	1
FGFBP1	1
FGFR1	1
FGFR1OP	1
FGFR2	1
FGFR3	1
FGFR4	1
FGFRL1	1
FGG	1
FGL2	1
FH	1
FHIT	1
FHOD3	1
FIG4	1
FIGN	1
FITM2	1
FJX1	1
FKBP10	1
FKBP1A	1
FKBP1B	1
FKBP4	1
FKBP5	1
FKBP8	1
FKBPL	1
FKRP	1
FKTN	1
FLCN	1
FLI1	1
FLII	1
FLNA	1
FLNB	1
FLNC	1
FLOT2	1
FLRT2	1
FLRT3	1
FLT1	1
FLT3	1
FLT4	1
FLVCR1	1
FMN1	1
FMNL1	1
FMNL3	1
FN1	1
FNDC3B	1
FNIP1	1
FNIP2	1
FNTA	1
FNTB	1
FOLR1	1
FOS	1
FOSL1	1
FOSL2	1
FOXA1	1
FOXA2	1
FOXB1	1
FOXC1	1
FOXC2	1
FOXD1	1
FOXD3	1
FOXE1	1
FOXE3	1
FOXF1	1
FOXF2	1
FOXG1	1
FOXH1	1
FOXI1	1
FOXI3	1
FOXJ1	1
FOXJ3	1
FOXK1	1
FOXL1	1
FOXL2	1
FOXM1	1
FOXN1	1
FOXN3	1
FOXN4	1
FOXO1	1
FOXO3	1
FOXO4	1
FOXP1	1
FOXP2	1
FOXP3	1
FOXP4	1
FOXQ1	1
FPR1	1
FPR2	1
FRAS1	1
FREM1	1
FREM2	1
FRRS1	1
FRRS1L	1
FRS2	1
FRYL	1
FSCN1	1
FSHR	1
FST	1
FSTL1	1
FTH1	1
FTL	1
FTO	1
FUBP1	1
FURIN	1
FUS	1
FUT8	1
FUZ	1
FXN	1
FXR1	1
FYN	1
FZD2	1
FZD3	1
FZD4	1
FZD5	1
FZD6	1
FZD7	1
FZD8	1
FZD9	1
FZR1	1
G2E3	1
G3BP1	1
G3BP2	1
G6PC	1
G6PC3	1
G6PD	1
GAB1	1
GAB2	1
GABARAPL2	1
GABBR1	1
GABBR2	1
GABPA	1
GABPB1	1
GABRA1	1
GABRA2	1
GABRB3	1
GABRD	1
GABRG2	1
GAD1	1
GAD2	1
GADD45A	1
GADD45GIP1	1
GAK	1
GALC	1
GALNT1	1
GALT	1
GAMT	1
GAN	1
GAP43	1
GAPDH	1
GARS	1
GART	1
GAS1	1
GAS2L3	1
GAS6	1
GAS8	1
GATA1	1
GATA2	1
GATA3	1
GATA4	1
GATA5	1
GATA6	1
GATAD2A	1
GATM	1
GBA	1
GBE1	1
GBF1	1
GBGT1	1
GBP2	1
GBP3	1
GBX2	1
GCG	1
GCGR	1
GCH1	1
GCK	1
GCLC	1
GCLM	1
GCM1	1
GCM2	1
GDF1	1
GDF11	1
GDF15	1
GDF3	1
GDF5	1
GDF6	1
GDF7	1
GDI2	1
GDNF	1
GEMIN2	1
GEMIN4	1
GFAP	1
GFER	1
GFI1	1
GFI1B	1
GFPT1	1
GFRA1	1
GGA1	1
GGA2	1
GGA3	1
GGCX	1
GGN	1
GGNBP2	1
GGPS1	1
GGT1	1
GGT5	1
GHR	1
GIGYF2	1
GIMAP5	1
GINS1	1
GINS4	1
GIT1	1
GJA1	1
GJA4	1
GJA5	1
GJB1	1
GJB2	1
GJB3	1
GJB5	1
GJC1	1
GJC2	1
GK	1
GLA	1
GLB1	1
GLCE	1
GLDC	1
GLDN	1
GLE1	1
GLG1	1
GLI1	1
GLI2	1
GLI3	1
GLIS2	1
GLIS3	1
GLMN	1
GLP2R	1
GLRA1	1
GLRB	1
GLRX3	1
GLS	1
GLT8D2	1
GLUL	1
GMNC	1
GMNN	1
GNA11	1
GNA12	1
GNA13	1
GNAI2	1
GNAL	1
GNAO1	1
GNAQ	1
GNAS	1
GNAS-AS1	1
GNAZ	1
GNB1	1
GNB1L	1
GNB3	1
GNB5	1
GNE	1
GNG13	1
GNG3	1
GNG5	1
GNG7	1
GNL3	1
GNPAT	1
GNPDA1	1
GNPNAT1	1
GNPTAB	1
GNS	1
GOLGA7	1
GOLM1	1
GOPC	1
GORAB	1
GOSR2	1
GP6	1
GPA33	1
GPAT4	1
GPC2	1
GPC3	1
GPC6	1
GPD2	1
GPHN	1
GPI	1
GPM6B	1
GPR107	1
GPR15	1
GPR161	1
GPR4	1
GPR89A	1
GPR89B	1
GPRC5B	1
GPS1	1
GPS2	1
GPSM2	1
GPT2	1
GPX1	1
GPX2	1
GPX3	1
GPX4	1
GPX7	1
GRB10	1
GRB2	1
GREB1L	1
GREM1	1
GRHL1	1
GRHL2	1
GRHL3	1
GRIA2	1
GRIA3	1
GRID2	1
GRIN1	1
GRIN2B	1
GRIP1	1
GRK2	1
GRM1	1
GRM7	1
GRN	1
GSC	1
GSDMD	1
GSK3B	1
GSKIP	1
GSN	1
GSS	1
GSTA3	1
GSTK1	1
GSTZ1	1
GSX1	1
GSX2	1
GTF2A1	1
GTF2B	1
GTF2E2	1
GTF2H5	1
GTF2I	1
GTF2IRD1	1
GTF3C1	1
GTF3C5	1
GTPBP2	1
GUCY1A1	1
GUCY1B1	1
GUCY2C	1
GULOP	1
GUSB	1
GYG1	1
GYS1	1
GZMA	1
H1F0	1
H2AFV	1
H2AFX	1
H2AFY	1
H2AFY2	1
H2AFZ	1
H3F3A	1
H3F3B	1
HABP2	1
HACE1	1
HADHA	1
HADHB	1
HAMP	1
HAND1	1
HAND2	1
HAP1	1
HAPLN1	1
HAS2	1
HAT1	1
HAUS3	1
HAUS6	1
HAVCR2	1
HAX1	1
HBA1	1
HBA2	1
HBEGF	1
HBZ	1
HCCS	1
HCFC1	1
HCFC2	1
HCK	1
HCN2	1
HCN4	1
HCST	1
HDAC1	1
HDAC2	1
HDAC3	1
HDAC4	1
HDAC5	1
HDAC6	1
HDAC7	1
HDAC8	1
HDAC9	1
HDHD2	1
HECTD1	1
HECTD3	1
HECW2	1
HEG1	1
HELLS	1
HELT	1
HERC1	1
HERC2	1
HES1	1
HES3	1
HES5	1
HES7	1
HESX1	1
HEXA	1
HEXB	1
HEXIM1	1
HEY1	1
HEY2	1
HEYL	1
HFE	1
HGF	1
HGFAC	1
HGS	1
HGSNAT	1
HHAT	1
HHEX	1
HHIP	1
HIC1	1
HIC2	1
HIF1A	1
HIKESHI	1
HINFP	1
HIP1	1
HIPK1	1
HIPK2	1
HIRA	1
HIST1H1C	1
HIST1H1D	1
HIST1H1E	1
HK2	1
HKDC1	1
HLA-A	1
HLA-DMA	1
HLA-DOA	1
HLA-DQB1	1
HLF	1
HLTF	1
HLX	1
HMBS	1
HMCES	1
HMGA1	1
HMGB1	1
HMGCL	1
HMGCR	1
HMGN1	1
HMOX1	1
HMOX2	1
HMX1	1
HMX2	1
HMX3	1
HNF1A	1
HNF1B	1
HNF4A	1
HNRNPA1	1
HNRNPC	1
HNRNPL	1
HNRNPU	1
HOPX	1
HOXA1	1
HOXA11	1
HOXA13	1
HOXA2	1
HOXA3	1
HOXA4	1
HOXA5	1
HOXB1	1
HOXB2	1
HOXB3	1
HOXB4	1
HOXB8	1
HOXC13	1
HOXC4	1
HOXC8	1
HOXD10	1
HOXD11	1
HOXD13	1
HOXD3	1
HOXD4	1
HOXD9	1
HP	1
HP1BP3	1
HPGD	1
HPGDS	1
HPRT1	1
HPS1	1
HPSE2	1
HPX	1
HR	1
HRAS	1
HRC	1
HRH1	1
HS2ST1	1
HS3ST1	1
HS6ST1	1
HSBP1	1
HSD11B2	1
HSD17B12	1
HSD17B2	1
HSD17B4	1
HSD17B7	1
HSD3B7	1
HSF1	1
HSF2	1
HSP90AA1	1
HSP90AB1	1
HSP90B1	1
HSPA1B	1
HSPA4	1
HSPA4L	1
HSPA5	1
HSPA9	1
HSPB11	1
HSPB7	1
HSPB8	1
HSPD1	1
HSPG2	1
HTR1A	1
HTR1B	1
HTR2B	1
HTR2C	1
HTR3A	1
HTR4	1
HTR7	1
HTRA2	1
HTT	1
HUS1	1
HUWE1	1
HYAL2	1
HYDIN	1
HYOU1	1
ICA1	1
ICAM1	1
ICK	1
ICMT	1
ID1	1
ID2	1
ID3	1
ID4	1
IDH1	1
IDS	1
IDUA	1
IFI16	1
IFIH1	1
IFIT1	1
IFIT1B	1
IFIT2	1
IFITM3	1
IFITM5	1
IFNAR1	1
IFNAR2	1
IFNG	1
IFNGR1	1
IFT122	1
IFT140	1
IFT172	1
IFT20	1
IFT27	1
IFT46	1
IFT52	1
IFT57	1
IFT80	1
IFT88	1
IGF1	1
IGF1R	1
IGF2	1
IGF2BP1	1
IGF2R	1
IGHMBP2	1
IHH	1
IKBKB	1
IKBKG	1
IKZF1	1
IKZF2	1
IKZF3	1
IL10	1
IL10RB	1
IL11RA	1
IL12A	1
IL12B	1
IL13	1
IL13RA2	1
IL15	1
IL17A	1
IL17F	1
IL17RE	1
IL18	1
IL19	1
IL1B	1
IL1R1	1
IL1RN	1
IL2	1
IL20RA	1
IL22	1
IL23A	1
IL25	1
IL27	1
IL27RA	1
IL2RA	1
IL2RB	1
IL2RG	1
IL3	1
IL33	1
IL34	1
IL36RN	1
IL4	1
IL4R	1
IL6	1
IL6R	1
IL6ST	1
ILF2	1
ILF3	1
ILK	1
IMMP2L	1
IMPA1	1
IMPAD1	1
IMPDH2	1
INCENP	1
ING1	1
ING2	1
ING4	1
INHA	1
INHBA	1
INHBB	1
INKA1	1
INO80	1
INPP4A	1
INPP5A	1
INPP5B	1
INPP5D	1
INPP5E	1
INPP5K	1
INPPL1	1
INS	1
INSIG1	1
INSIG2	1
INSM1	1
INSR	1
INSRR	1
INTS1	1
INTS12	1
INTS2	1
INTS6	1
INTU	1
INVS	1
IP6K2	1
IPMK	1
IPO11	1
IPO13	1
IPO9	1
IPPK	1
IQGAP2	1
IRAK2	1
IRF1	1
IRF2	1
IRF2BP2	1
IRF6	1
IRF7	1
IRF8	1
IRS1	1
IRS2	1
IRX1	1
IRX3	1
IRX5	1
ISCA1	1
ISL1	1
ISL2	1
ISLR2	1
ISPD	1
ITCH	1
ITGA1	1
ITGA11	1
ITGA3	1
ITGA4	1
ITGA5	1
ITGA6	1
ITGA7	1
ITGA8	1
ITGA9	1
ITGAV	1
ITGB1	1
ITGB1BP1	1
ITGB1BP2	1
ITGB2	1
ITGB3	1
ITGB4	1
ITGB8	1
ITM2C	1
ITPA	1
ITPK1	1
ITPKB	1
ITPR1	1
ITPR2	1
ITPR3	1
ITSN1	1
IVD	1
IVNS1ABP	1
IWS1	1
JADE1	1
JAG1	1
JAG2	1
JAK1	1
JAK2	1
JAK3	1
JAM2	1
JAM3	1
JARID2	1
JCHAIN	1
JHY	1
JMJD1C	1
JMJD6	1
JPH1	1
JPH2	1
JPH3	1
JPH4	1
JTB	1
JUN	1
JUNB	1
JUND	1
JUP	1
KALRN	1
KARS	1
KAT14	1
KAT2A	1
KAT2B	1
KAT5	1
KAT6A	1
KAT6B	1
KAT7	1
KAT8	1
KATNB1	1
KCMF1	1
KCNA1	1
KCNA2	1
KCNAB1	1
KCNAB2	1
KCNC1	1
KCNC3	1
KCNH2	1
KCNIP1	1
KCNJ1	1
KCNJ10	1
KCNJ11	1
KCNJ13	1
KCNJ2	1
KCNJ6	1
KCNJ8	1
KCNJ9	1
KCNK2	1
KCNK5	1
KCNMA1	1
KCNN2	1
KCNN3	1
KCNQ2	1
KCNQ3	1
KCNQ5	1
KCP	1
KCTD10	1
KCTD15	1
KDF1	1
KDM1A	1
KDM2A	1
KDM2B	1
KDM4C	1
KDM5A	1
KDM5B	1
KDM5C	1
KDM6A	1
KDM6B	1
KDM8	1
KDR	1
KEAP1	1
KHDRBS1	1
KHSRP	1
KIAA0586	1
KIAA0753	1
KIAA1109	1
KIAA1217	1
KIAA1324	1
KIDINS220	1
KIF11	1
KIF14	1
KIF16B	1
KIF18A	1
KIF19	1
KIF1A	1
KIF1B	1
KIF1BP	1
KIF20A	1
KIF20B	1
KIF21A	1
KIF22	1
KIF26A	1
KIF26B	1
KIF27	1
KIF2A	1
KIF3A	1
KIF3B	1
KIF3C	1
KIF5A	1
KIF5B	1
KIF7	1
KIFAP3	1
KIRREL1	1
KISS1R	1
KIT	1
KITLG	1
KL	1
KLF1	1
KLF15	1
KLF2	1
KLF3	1
KLF4	1
KLF5	1
KLF6	1
KLF7	1
KLF8	1
KLHDC2	1
KLHL14	1
KLHL20	1
KLHL21	1
KLHL29	1
KLHL40	1
KLHL41	1
KLK4	1
KLK8	1
KLRK1	1
KMT2A	1
KMT2B	1
KMT2C	1
KMT2D	1
KMT2E	1
KMT5A	1
KMT5B	1
KMT5C	1
KNL1	1
KNTC1	1
KPNA1	1
KPNA7	1
KPNB1	1
KRAS	1
KRIT1	1
KRT1	1
KRT10	1
KRT14	1
KRT16	1
KRT17	1
KRT18	1
KRT19	1
KRT2	1
KRT4	1
KRT5	1
KRT6A	1
KRT6B	1
KRT6C	1
KRT8	1
KRT90P	1
L1CAM	1
L3MBTL2	1
L3MBTL3	1
LACTB2	1
LAMA1	1
LAMA2	1
LAMA3	1
LAMA4	1
LAMA5	1
LAMB1	1
LAMB2	1
LAMB3	1
LAMC1	1
LAMC2	1
LAMP1	1
LAMP2	1
LAMTOR1	1
LAMTOR2	1
LAMTOR5	1
LARGE1	1
LARP7	1
LARS	1
LASP1	1
LAT	1
LAT2	1
LATS1	1
LATS2	1
LBR	1
LBX1	1
LCMT1	1
LCN2	1
LCP2	1
LDB1	1
LDB3	1
LDHA	1
LDLR	1
LECT2	1
LEF1	1
LEFTY1	1
LEFTY2	1
LEMD2	1
LEMD3	1
LEO1	1
LEP	1
LEPR	1
LETM1	1
LEXM	1
LFNG	1
LGALS3	1
LGI1	1
LGI4	1
LGR4	1
LGR5	1
LHX1	1
LHX2	1
LHX3	1
LHX4	1
LHX5	1
LHX6	1
LHX8	1
LIAS	1
LIF	1
LIFR	1
LIG1	1
LIG3	1
LIG4	1
LIMA1	1
LIMS1	1
LIMS2	1
LIN28A	1
LIN28B	1
LIN7A	1
LIN7B	1
LIN7C	1
LIN9	1
LINC-PINT	1
LIPA	1
LIPI	1
LLGL1	1
LLGL2	1
LMAN1	1
LMBR1	1
LMBRD1	1
LMF1	1
LMNA	1
LMNB1	1
LMNB2	1
LMO1	1
LMO2	1
LMO3	1
LMO4	1
LMO7	1
LMOD2	1
LMTK2	1
LMX1A	1
LMX1B	1
LNPK	1
LONP1	1
LOR	1
LOX	1
LOXL2	1
LOXL3	1
LPAR1	1
LPAR4	1
LPCAT1	1
LPCAT3	1
LPIN1	1
LPIN2	1
LPL	1
LPP	1
LRAT	1
LRFN2	1
LRIG1	1
LRIG2	1
LRIG3	1
LRP1	1
LRP1B	1
LRP2	1
LRP4	1
LRP5	1
LRP6	1
LRP8	1
LRPAP1	1
LRPPRC	1
LRRC17	1
LRRC7	1
LRRC8A	1
LRRK1	1
LRRK2	1
LSM1	1
LSM14A	1
LSM3	1
LSM4	1
LSR	1
LSS	1
LST1	1
LTA	1
LTB	1
LTBP1	1
LTBP2	1
LTBP3	1
LTBP4	1
LTBR	1
LTN1	1
LUM	1
LUZP1	1
LY6E	1
LY75	1
LYAR	1
LYN	1
LYPD3	1
LYPD6	1
LYST	1
LYZ	1
LZTR1	1
M6PR	1
MAB21L2	1
MACF1	1
MAD1L1	1
MAD2L1	1
MAD2L2	1
MADD	1
MAEA	1
MAF	1
MAF1	1
MAFB	1
MAFG	1
MAFK	1
MAGEL2	1
MAGI2	1
MAGOH	1
MAML1	1
MAML3	1
MAMSTR	1
MAN1A2	1
MAN2A1	1
MAN2A2	1
MAP1B	1
MAP1LC3B	1
MAP1S	1
MAP2	1
MAP2K1	1
MAP2K2	1
MAP2K3	1
MAP2K4	1
MAP2K5	1
MAP2K7	1
MAP3K1	1
MAP3K11	1
MAP3K12	1
MAP3K14	1
MAP3K20	1
MAP3K3	1
MAP3K4	1
MAP3K7	1
MAP3K8	1
MAP4K4	1
MAP6	1
MAPK1	1
MAPK11	1
MAPK14	1
MAPK3	1
MAPK4	1
MAPK6	1
MAPK7	1
MAPK8	1
MAPK8IP1	1
MAPK8IP2	1
MAPK8IP3	1
MAPK9	1
MAPKAP1	1
MAPKAPK2	1
MAPKAPK5	1
MAPT	1
MARCKS	1
MARCKSL1	1
MARCO	1
MARK2	1
MARK3	1
MASP1	1
MASTL	1
MAT2A	1
MATR3	1
MAU2	1
MAVS	1
MAX	1
MAZ	1
MB	1
MBD2	1
MBD3	1
MBD4	1
MBD5	1
MBD6	1
MBL1P	1
MBNL1	1
MBNL2	1
MBOAT4	1
MBOAT7	1
MBP	1
MBTD1	1
MBTPS1	1
MC2R	1
MCAT	1
MCL1	1
MCM10	1
MCM2	1
MCM3	1
MCM3AP	1
MCM4	1
MCM5	1
MCM6	1
MCM7	1
MCOLN1	1
MCOLN3	1
MCPH1	1
MCRS1	1
MCU	1
MCUR1	1
MDC1	1
MDFI	1
MDH1	1
MDK	1
MDM2	1
MDM4	1
MECOM	1
MECP2	1
MED1	1
MED11	1
MED12	1
MED16	1
MED20	1
MED21	1
MED22	1
MED23	1
MED24	1
MED25	1
MED28	1
MED30	1
MED31	1
MEF2A	1
MEF2C	1
MEF2D	1
MEFV	1
MEG3	1
MEGF8	1
MEIS1	1
MEIS2	1
MEMO1	1
MEN1	1
MEOX1	1
MEOX2	1
MEP1B	1
MEPCE	1
MERTK	1
MESP1	1
MESP2	1
MEST	1
MET	1
METAP2	1
METTL16	1
METTL3	1
MEX3B	1
MEX3C	1
MFF	1
MFN1	1
MFN2	1
MFNG	1
MFSD12	1
MFSD2A	1
MGA	1
MGAT1	1
MGAT2	1
MGMT	1
MGP	1
MGRN1	1
MGST2	1
MIA3	1
MIB1	1
MIB2	1
MICU2	1
MID1	1
MIS18A	1
MITF	1
MIXL1	1
MKKS	1
MKS1	1
MLH1	1
MLIP	1
MLKL	1
MLLT1	1
MLLT3	1
MLST8	1
MLXIPL	1
MMACHC	1
MMP14	1
MMP15	1
MMP16	1
MMP2	1
MMP7	1
MMP9	1
MMS22L	1
MMUT	1
MN1	1
MNAT1	1
MNS1	1
MNT	1
MNX1	1
MOB1A	1
MOB1B	1
MOB2	1
MOCS1	1
MOCS2	1
MOGS	1
MORC3	1
MORF4L1	1
MORF4L2	1
MOSPD3	1
MOV10	1
MPC2	1
MPI	1
MPL	1
MPO	1
MPV17	1
MPZ	1
MRC1	1
MRE11	1
MRM1	1
MRM3	1
MRPL47	1
MRPL51	1
MRPS21	1
MRPS22	1
MRPS25	1
MRPS5	1
MRTFA	1
MRTFB	1
MRVI1	1
MSC	1
MSGN1	1
MSH2	1
MSH3	1
MSH6	1
MSI1	1
MSI2	1
MSR1	1
MSRA	1
MST1R	1
MSTN	1
MSX1	1
MSX2	1
MT1A	1
MT1B	1
MT1E	1
MT1F	1
MT1G	1
MT1H	1
MT1M	1
MT1X	1
MT2A	1
MT3	1
MTA2	1
MTAP	1
MTBP	1
MTCH2	1
MTDH	1
MTERF1	1
MTERF3	1
MTERF4	1
MTF1	1
MTF2	1
MTFMT	1
MTHFD1	1
MTHFD1L	1
MTHFD2	1
MTHFR	1
MTHFS	1
MTM1	1
MTMR2	1
MTO1	1
MTOR	1
MTR	1
MTSS1	1
MTTP	1
MTUS1	1
MTX1	1
MUC2	1
MUC4	1
MUC5B	1
MUS81	1
MUSK	1
MUTYH	1
MX1	1
MX2	1
MXI1	1
MYB	1
MYBBP1A	1
MYBL2	1
MYBPHL	1
MYC	1
MYCBP2	1
MYCL	1
MYCN	1
MYD88	1
MYF5	1
MYF6	1
MYH10	1
MYH11	1
MYH14	1
MYH6	1
MYH9	1
MYL1	1
MYL2	1
MYL7	1
MYLK	1
MYLK3	1
MYLPF	1
MYMK	1
MYO10	1
MYO18A	1
MYO18B	1
MYO1E	1
MYO1H	1
MYO5A	1
MYO5B	1
MYO6	1
MYOCD	1
MYOD1	1
MYOG	1
MYOZ2	1
MYRF	1
MYT1	1
MYZAP	1
MZF1	1
N6AMT1	1
NAB1	1
NAB2	1
NABP2	1
NACA	1
NACC1	1
NADK2	1
NAE1	1
NAF1	1
NAGLU	1
NAGS	1
NALCN	1
NAMPT	1
NANOG	1
NAP1L1	1
NAPA	1
NAPB	1
NASP	1
NAT10	1
NAT8L	1
NBEA	1
NBN	1
NCALD	1
NCAM1	1
NCAPG2	1
NCAPH	1
NCAPH2	1
NCDN	1
NCF1	1
NCF2	1
NCF4	1
NCK1	1
NCK2	1
NCKAP1	1
NCOA3	1
NCOA5	1
NCOA6	1
NCOR1	1
NCOR2	1
NCR1	1
NCS1	1
NCSTN	1
NDEL1	1
NDFIP1	1
NDN	1
NDOR1	1
NDRG1	1
NDRG2	1
NDRG3	1
NDST1	1
NDST2	1
NDST3	1
NDUFA1	1
NDUFA13	1
NDUFA5	1
NDUFA8	1
NDUFAF7	1
NDUFB8	1
NDUFS1	1
NDUFS4	1
NDUFS6	1
NDUFS7	1
NDUFV2	1
NEB	1
NECTIN1	1
NECTIN3	1
NEDD4	1
NEDD4L	1
NEK1	1
NEK7	1
NEK8	1
NEK9	1
NELFB	1
NELL1	1
NEMF	1
NEO1	1
NEPRO	1
NES	1
NEU1	1
NEUROD1	1
NEUROD2	1
NEUROD4	1
NEUROD6	1
NEUROG1	1
NEUROG2	1
NEUROG3	1
NEXN	1
NF1	1
NF2	1
NFASC	1
NFAT5	1
NFATC1	1
NFATC3	1
NFATC4	1
NFE2	1
NFE2L1	1
NFE2L2	1
NFE2L3	1
NFIA	1
NFIB	1
NFIC	1
NFIX	1
NFKB1	1
NFKB2	1
NFKBIA	1
NFKBIB	1
NFKBIE	1
NFKBIZ	1
NFYA	1
NGF	1
NGFR	1
NGLY1	1
NGRN	1
NHEJ1	1
NHLH1	1
NHLH2	1
NHLRC2	1
NHP2	1
NINJ1	1
NIP7	1
NIPAL4	1
NIPBL	1
NISCH	1
NKX1-1	1
NKX2-1	1
NKX2-2	1
NKX2-3	1
NKX2-5	1
NKX2-6	1
NKX3-1	1
NKX3-2	1
NKX6-1	1
NLE1	1
NLGN1	1
NLGN2	1
NLGN3	1
NLK	1
NLRP1	1
NLRP3	1
NLRP6	1
NLRP9	1
NME1	1
NME6	1
NME7	1
NMNAT1	1
NMNAT2	1
NMT1	1
NOA1	1
NOBOX	1
NOC2L	1
NOC3L	1
NOD2	1
NODAL	1
NOG	1
NOL8	1
NOP2	1
NOP53	1
NOS1	1
NOS2	1
NOS3	1
NOTCH1	1
NOTCH2	1
NOTCH3	1
NOTO	1
NOTUM	1
NOVA1	1
NOVA2	1
NOX4	1
NPAS3	1
NPAS4	1
NPAT	1
NPC1	1
NPC2	1
NPEPPS	1
NPHP3	1
NPHS1	1
NPHS2	1
NPM1	1
NPPC	1
NPR1	1
NPR2	1
NPR3	1
NPRL3	1
NPY1R	1
NPY2R	1
NR1D1	1
NR1D2	1
NR1H2	1
NR1H3	1
NR1H4	1
NR2C2	1
NR2F1	1
NR2F2	1
NR3C1	1
NR3C2	1
NR4A1	1
NR4A2	1
NR4A3	1
NR5A1	1
NR5A2	1
NR6A1	1
NRAS	1
NRBP1	1
NRCAM	1
NRDC	1
NRDE2	1
NRF1	1
NRG1	1
NRG2	1
NRIP1	1
NRK	1
NRP1	1
NRP2	1
NRXN1	1
NRXN2	1
NRXN3	1
NSD1	1
NSD2	1
NSD3	1
NSDHL	1
NSF	1
NSMCE2	1
NSRP1	1
NSUN2	1
NTAN1	1
NTF3	1
NTF4	1
NTMT1	1
NTN1	1
NTRK1	1
NTRK2	1
NTRK3	1
NUAK1	1
NUAK2	1
NUBP1	1
NUBPL	1
NUMA1	1
NUMB	1
NUMBL	1
NUP133	1
NUP155	1
NUP214	1
NUP35	1
NUP50	1
NUP62	1
NUP85	1
NUP98	1
NUS1	1
NUSAP1	1
NUTF2	1
NXF1	1
NXF3	1
NXF5	1
NXN	1
OAS1	1
OASL	1
OAT	1
OCA2	1
OCRL	1
ODC1	1
ODF2	1
OFD1	1
OGA	1
OGDH	1
OGG1	1
OGT	1
OLA1	1
OLIG1	1
OLIG2	1
OLIG3	1
OMP	1
ONECUT1	1
OPA1	1
OPA3	1
OPHN1	1
OPRM1	1
OPTN	1
ORAI1	1
ORC1	1
ORC3	1
ORC6	1
OSR1	1
OSR2	1
OSTM1	1
OTC	1
OTP	1
OTUB1	1
OTUD5	1
OTUD6B	1
OTUD7B	1
OTULIN	1
OTX1	1
OTX2	1
OVOL1	1
OVOL2	1
OXCT1	1
OXR1	1
OXSR1	1
OXT	1
P2RX2	1
P2RX3	1
P2RY4	1
P3H2	1
P4HA1	1
P4HB	1
PABPN1	1
PACSIN2	1
PADI2	1
PADI4	1
PAFAH1B1	1
PAGR1	1
PAK1IP1	1
PAK2	1
PAK4	1
PALB2	1
PALLD	1
PAM	1
PAM16	1
PAN2	1
PANK1	1
PANK2	1
PANK3	1
PAPSS2	1
PARD3	1
PARG	1
PARL	1
PARP1	1
PARP2	1
PARP3	1
PARVA	1
PATL1	1
PATZ1	1
PAWR	1
PAX1	1
PAX2	1
PAX3	1
PAX4	1
PAX5	1
PAX6	1
PAX7	1
PAX8	1
PAX9	1
PAXIP1	1
PAXX	1
PBRM1	1
PBX1	1
PBX2	1
PBX3	1
PC	1
PCBP1	1
PCBP2	1
PCCA	1
PCCB	1
PCDH10	1
PCGF1	1
PCGF2	1
PCID2	1
PCK1	1
PCLO	1
PCMT1	1
PCNA	1
PCNT	1
PCSK1	1
PCSK2	1
PCSK5	1
PCSK6	1
PCYT1A	1
PCYT2	1
PDCD1	1
PDCD10	1
PDCD1LG2	1
PDCD2	1
PDCD4	1
PDE12	1
PDE2A	1
PDE4B	1
PDE4D	1
PDE4DIP	1
PDGFA	1
PDGFB	1
PDGFC	1
PDGFRA	1
PDGFRB	1
PDHA1	1
PDIA3	1
PDLIM3	1
PDLIM5	1
PDLIM7	1
PDPK1	1
PDPN	1
PDS5A	1
PDS5B	1
PDSS2	1
PDX1	1
PDXK	1
PDZRN3	1
PEG10	1
PEG3	1
PELI1	1
PELI3	1
PELO	1
PEMT	1
PENK	1
PEPD	1
PER1	1
PER2	1
PERP	1
PES1	1
PEX1	1
PEX10	1
PEX11A	1
PEX11B	1
PEX13	1
PEX14	1
PEX2	1
PEX26	1
PEX5	1
PEX7	1
PFAS	1
PFDN1	1
PFDN2	1
PFDN5	1
PFDN6	1
PFKFB3	1
PFKM	1
PFN1	1
PFN2	1
PGAM5	1
PGAP1	1
PGAP2	1
PGAP3	1
PGGT1B	1
PGLYRP1	1
PGLYRP2	1
PGLYRP3	1
PGLYRP4	1
PGM3	1
PGP	1
PGR	1
PGRMC1	1
PGRMC2	1
PGS1	1
PHACTR4	1
PHB	1
PHB2	1
PHC1	1
PHC2	1
PHEX	1
PHF13	1
PHF14	1
PHF2	1
PHF20	1
PHF21A	1
PHF24	1
PHF5A	1
PHF6	1
PHGDH	1
PHIP	1
PHKG2	1
PHOSPHO1	1
PHOX2A	1
PHOX2B	1
PI4K2A	1
PI4KA	1
PIAS1	1
PIAS4	1
PIBF1	1
PICALM	1
PIEZO1	1
PIFO	1
PIGA	1
PIGF	1
PIGH	1
PIGL	1
PIGM	1
PIGT	1
PIGU	1
PIK3C2A	1
PIK3C3	1
PIK3CA	1
PIK3CB	1
PIK3CG	1
PIK3R1	1
PIK3R4	1
PIKFYVE	1
PILRA	1
PILRB	1
PINK1	1
PINX1	1
PIP4K2A	1
PIP4K2B	1
PIP5K1A	1
PIP5K1C	1
PISD	1
PITPNA	1
PITPNB	1
PITRM1	1
PITX1	1
PITX2	1
PKD1	1
PKD1L1	1
PKD2	1
PKDCC	1
PKHD1	1
PKLR	1
PKM	1
PKN2	1
PKN3	1
PKNOX1	1
PKP1	1
PKP2	1
PLA2G3	1
PLA2G6	1
PLA2G7	1
PLAA	1
PLAC1	1
PLAGL1	1
PLAGL2	1
PLAT	1
PLAU	1
PLCB1	1
PLCB3	1
PLCB4	1
PLCG1	1
PLCG2	1
PLCL1	1
PLD1	1
PLEC	1
PLEKHA1	1
PLEKHA7	1
PLEKHM2	1
PLG	1
PLK1	1
PLK2	1
PLK3	1
PLK4	1
PLN	1
PLOD1	1
PLOD3	1
PLP1	1
PLPP3	1
PLPPR4	1
PLRG1	1
PLS1	1
PLVAP	1
PLXNB1	1
PLXNB2	1
PLXND1	1
PMAIP1	1
PML	1
PMM2	1
PMP22	1
PMPCB	1
PMS2	1
PNKP	1
PNN	1
PNO1	1
PNP	1
PNPLA1	1
PNPLA2	1
PNPLA6	1
PNPLA8	1
PNPT1	1
POC1A	1
PODXL	1
POFUT1	1
POFUT2	1
POGLUT1	1
POLA2	1
POLB	1
POLD1	1
POLD2	1
POLD3	1
POLDIP2	1
POLE	1
POLE4	1
POLG	1
POLG2	1
POLR1B	1
POLR2A	1
POLR2H	1
POLR3A	1
POLR3F	1
POLR3G	1
POLRMT	1
POMC	1
POMGNT1	1
POMGNT2	1
POMT1	1
POMT2	1
PON3	1
POP4	1
POR	1
PORCN	1
POSTN	1
POT1	1
POU1F1	1
POU2F1	1
POU2F2	1
POU2F3	1
POU3F1	1
POU3F2	1
POU3F3	1
POU4F1	1
POU4F3	1
POU5F1	1
PPARA	1
PPARD	1
PPARG	1
PPARGC1A	1
PPARGC1B	1
PPHLN1	1
PPIA	1
PPIB	1
PPIF	1
PPM1B	1
PPM1D	1
PPM1F	1
PPM1G	1
PPM1K	1
PPM1L	1
PPME1	1
PPOX	1
PPP1CB	1
PPP1R10	1
PPP1R12A	1
PPP1R13L	1
PPP1R14C	1
PPP1R15A	1
PPP1R15B	1
PPP1R2	1
PPP1R35	1
PPP1R3C	1
PPP1R8	1
PPP2CA	1
PPP2R1A	1
PPP2R5C	1
PPP2R5D	1
PPP3CA	1
PPP3R1	1
PPP4C	1
PPP4R2	1
PPP5C	1
PPP6C	1
PPP6R2	1
PPRC1	1
PPT1	1
PPT2	1
PRAG1	1
PRC1	1
PRDM1	1
PRDM10	1
PRDM16	1
PRDM2	1
PRDM6	1
PRDX1	1
PREP	1
PRF1	1
PRICKLE1	1
PRKAB1	1
PRKAB2	1
PRKACA	1
PRKACB	1
PRKAR1A	1
PRKCD	1
PRKCH	1
PRKCI	1
PRKCQ	1
PRKCSH	1
PRKD1	1
PRKDC	1
PRKG1	1
PRKN	1
PRKRA	1
PRMT1	1
PRMT3	1
PRMT5	1
PRNP	1
PROC	1
PROCR	1
PROKR2	1
PROM1	1
PROP1	1
PROS1	1
PROX1	1
PROZ	1
PRPF18	1
PRPF19	1
PRPF3	1
PRPF31	1
PRPF38B	1
PRPS1	1
PRPS2	1
PRRX1	1
PRRX2	1
PRSS8	1
PRUNE1	1
PSAP	1
PSEN1	1
PSEN2	1
PSENEN	1
PSIP1	1
PSMB10	1
PSMC1	1
PSMC3	1
PSMC4	1
PSMD4	1
PSMD7	1
PSMF1	1
PSMG1	1
PSPH	1
PTBP1	1
PTBP2	1
PTCD1	1
PTCH1	1
PTDSS1	1
PTDSS2	1
PTEN	1
PTF1A	1
PTGDR	1
PTGDS	1
PTGER4	1
PTGES3	1
PTGIR	1
PTGS1	1
PTGS2	1
PTH	1
PTH1R	1
PTHLH	1
PTK2	1
PTK7	1
PTMA	1
PTMS	1
PTP4A1	1
PTP4A2	1
PTP4A3	1
PTPA	1
PTPMT1	1
PTPN1	1
PTPN11	1
PTPN12	1
PTPN14	1
PTPN2	1
PTPN22	1
PTPN23	1
PTPN6	1
PTPN9	1
PTPRB	1
PTPRC	1
PTPRD	1
PTPRF	1
PTPRJ	1
PTPRS	1
PTPRVP	1
PTRH2	1
PTS	1
PTTG1	1
PUM1	1
PURA	1
PVALB	1
PWP1	1
PXN	1
PYGO1	1
PYGO2	1
PYROXD1	1
QDPR	1
QKI	1
RAB10	1
RAB11A	1
RAB18	1
RAB23	1
RAB32	1
RAB34	1
RAB35	1
RAB3A	1
RAB3B	1
RAB3C	1
RAB3D	1
RAB40C	1
RAB5C	1
RAB6A	1
RAB7A	1
RAB8A	1
RAB8B	1
RABGEF1	1
RABGGTA	1
RAC1	1
RAC2	1
RAC3	1
RACGAP1	1
RACK1	1
RAD1	1
RAD17	1
RAD21	1
RAD23A	1
RAD23B	1
RAD50	1
RAD51	1
RAD51B	1
RAD51C	1
RAD51D	1
RAD52	1
RAD54B	1
RAD54L	1
RAD54L2	1
RAD9A	1
RAD9B	1
RAE1	1
RAF1	1
RAG1	1
RAG2	1
RAI1	1
RALA	1
RALB	1
RALBP1	1
RALGAPB	1
RAMP2	1
RANBP2	1
RANBP9	1
RANGAP1	1
RAP1A	1
RAP1B	1
RAPGEF1	1
RAPGEF2	1
RAPH1	1
RAPSN	1
RARA	1
RARB	1
RARG	1
RASA1	1
RASA3	1
RASAL2	1
RASIP1	1
RASSF1	1
RASSF2	1
RASSF5	1
RASSF8	1
RASSF9	1
RAX	1
RB1	1
RB1CC1	1
RBBP6	1
RBBP8	1
RBFOX1	1
RBFOX2	1
RBFOX3	1
RBL1	1
RBL2	1
RBM15	1
RBM19	1
RBM24	1
RBM38	1
RBM39	1
RBM47	1
RBMS1	1
RBPJ	1
RBSN	1
RBX1	1
RC3H1	1
RC3H2	1
RCE1	1
RCOR1	1
RDH10	1
RDX	1
REC8	1
RECK	1
RECQL4	1
REG1A	1
REG1B	1
REL	1
RELA	1
RELB	1
RELN	1
REM2	1
REN	1
RERE	1
RESP18	1
REST	1
RET	1
REV1	1
REV3L	1
REXO2	1
RFC1	1
RFK	1
RFNG	1
RFWD3	1
RFX1	1
RFX3	1
RFX4	1
RFX6	1
RFX7	1
RGCC	1
RGMA	1
RGMB	1
RGN	1
RGP1	1
RGS10	1
RGS14	1
RGS4	1
RGS5	1
RHBDD3	1
RHBDF1	1
RHBDF2	1
RHBDL1	1
RHBDL3	1
RHCG	1
RHEB	1
RHEBL1	1
RHOA	1
RHOBTB3	1
RHOT1	1
RIC8A	1
RIC8B	1
RICTOR	1
RIF1	1
RIIAD1	1
RIMS1	1
RIMS2	1
RINT1	1
RIPK1	1
RIPK3	1
RIPK4	1
RIPPLY2	1
RIPPLY3	1
RLF	1
RLIM	1
RLN1	1
RLN2	1
RMI1	1
RMRP	1
RNASEH1	1
RNASEH2B	1
RNASEH2C	1
RNASEK	1
RND3	1
RNF10	1
RNF111	1
RNF146	1
RNF165	1
RNF2	1
RNF20	1
RNF31	1
RNF38	1
RNF4	1
RNF7	1
RNF8	1
RNMT	1
RNR2	1
RO60	1
ROBO1	1
ROBO2	1
ROBO3	1
ROCK1	1
ROCK2	1
ROR1	1
ROR2	1
RORA	1
RORC	1
RPA1	1
RPGRIP1L	1
RPIA	1
RPL13A	1
RPL22L1	1
RPL24	1
RPL27A	1
RPL29	1
RPL38	1
RPL7L1	1
RPLP1	1
RPS19	1
RPS19BP1	1
RPS20	1
RPS27L	1
RPS6KA4	1
RPS6KA5	1
RPS6KB1	1
RPS6KB2	1
RPS7	1
RPSA	1
RPTOR	1
RRAGA	1
RRM1	1
RRM2	1
RRM2B	1
RRN3	1
RRP8	1
RSAD1	1
RSBN1	1
RSF1	1
RSPH9	1
RSPO1	1
RSPO2	1
RSPO3	1
RTCA	1
RTEL1	1
RTF1	1
RTL1	1
RTN4	1
RTTN	1
RUFY3	1
RUNDC1	1
RUNX1	1
RUNX1T1	1
RUNX2	1
RUNX3	1
RUVBL1	1
RUVBL2	1
RWDD3	1
RXRA	1
RXRB	1
RXRG	1
RYBP	1
RYK	1
RYR1	1
RYR2	1
S100A14	1
S100A4	1
S100A6	1
S100A8	1
S100A9	1
S1PR1	1
S1PR2	1
S1PR3	1
S1PR4	1
SAA3P	1
SACM1L	1
SAFB	1
SALL1	1
SALL2	1
SALL3	1
SALL4	1
SAMD4A	1
SAMD9L	1
SAP130	1
SARM1	1
SATB1	1
SATB2	1
SAV1	1
SBDS	1
SBF1	1
SBNO2	1
SC5D	1
SCAI	1
SCARB1	1
SCARB2	1
SCD	1
SCG5	1
SCGB1A1	1
SCHIP1	1
SCLT1	1
SCN1A	1
SCN1B	1
SCN2A	1
SCN3A	1
SCN4A	1
SCN5A	1
SCN8A	1
SCN9A	1
SCNM1	1
SCNN1A	1
SCNN1B	1
SCNN1G	1
SCO1	1
SCO2	1
SCRIB	1
SCUBE1	1
SCX	1
SCYL1	1
SCYL2	1
SDC1	1
SDC4	1
SDCCAG8	1
SDHA	1
SDHB	1
SDHC	1
SDHD	1
SEC22B	1
SEC23A	1
SEC23B	1
SEC24B	1
SEC24C	1
SEC24D	1
SEC63	1
SECISBP2	1
SEH1L	1
SEL1L	1
SELE	1
SELENOK	1
SELENOP	1
SELP	1
SELPLG	1
SEMA3A	1
SEMA3C	1
SEMA3F	1
SEMA4C	1
SEMA5A	1
SENP1	1
SENP2	1
SENP6	1
SEPHS1	1
SEPT10	1
SEPT3	1
SEPT5	1
SEPT7	1
SEPT9	1
SERP1	1
SERPINA1	1
SERPINA10	1
SERPINB1	1
SERPINB2	1
SERPINB5	1
SERPINC1	1
SERPIND1	1
SERPINE1	1
SERPINH1	1
SERPINI2	1
SESTD1	1
SETBP1	1
SETD1A	1
SETD1B	1
SETD2	1
SETD5	1
SETD7	1
SETDB1	1
SF1	1
SF3A1	1
SF3B1	1
SFN	1
SFPQ	1
SFRP1	1
SFRP2	1
SFRP4	1
SFRP5	1
SFTPA1	1
SFTPA2	1
SFTPB	1
SFTPC	1
SGCD	1
SGCG	1
SGMS1	1
SGO1	1
SGPL1	1
SGPP1	1
SGSH	1
SGTA	1
SH2B1	1
SH2D3C	1
SH3BP2	1
SH3GL1	1
SH3GL2	1
SH3GL3	1
SH3PXD2A	1
SH3PXD2B	1
SH3TC2	1
SHANK2	1
SHANK3	1
SHB	1
SHC1	1
SHH	1
SHISA2	1
SHMT2	1
SHOC1	1
SHOC2	1
SHOX2	1
SHROOM3	1
SIAH1	1
SIAH2	1
SIK1	1
SIK3	1
SIL1	1
SIM1	1
SIM2	1
SIN3A	1
SIN3B	1
SIRT1	1
SIRT2	1
SIRT6	1
SIRT7	1
SIVA1	1
SIX1	1
SIX2	1
SIX3	1
SIX4	1
SKA2	1
SKAP2	1
SKI	1
SKIDA1	1
SKIL	1
SKIV2L	1
SKOR2	1
SLAMF6	1
SLC11A1	1
SLC11A2	1
SLC12A1	1
SLC12A2	1
SLC12A4	1
SLC12A5	1
SLC13A4	1
SLC14A1	1
SLC16A1	1
SLC17A5	1
SLC17A6	1
SLC17A7	1
SLC18A2	1
SLC18A3	1
SLC19A1	1
SLC19A2	1
SLC19A3	1
SLC1A2	1
SLC1A3	1
SLC20A1	1
SLC20A2	1
SLC22A4	1
SLC22A5	1
SLC23A1	1
SLC23A2	1
SLC24A4	1
SLC25A12	1
SLC25A13	1
SLC25A19	1
SLC25A20	1
SLC25A25	1
SLC25A26	1
SLC25A3	1
SLC25A32	1
SLC25A37	1
SLC26A2	1
SLC26A3	1
SLC27A4	1
SLC29A3	1
SLC2A1	1
SLC2A2	1
SLC2A3	1
SLC2A4	1
SLC2A8	1
SLC2A9	1
SLC30A1	1
SLC30A10	1
SLC30A4	1
SLC30A5	1
SLC31A1	1
SLC32A1	1
SLC33A1	1
SLC34A1	1
SLC34A2	1
SLC35A1	1
SLC35B4	1
SLC35C1	1
SLC35D1	1
SLC37A4	1
SLC38A2	1
SLC38A3	1
SLC39A10	1
SLC39A4	1
SLC39A7	1
SLC39A8	1
SLC3A1	1
SLC3A2	1
SLC40A1	1
SLC43A2	1
SLC4A1	1
SLC4A10	1
SLC4A2	1
SLC4A3	1
SLC4A4	1
SLC4A7	1
SLC52A2	1
SLC52A3	1
SLC5A1	1
SLC5A3	1
SLC5A6	1
SLC5A7	1
SLC6A11	1
SLC6A2	1
SLC6A3	1
SLC6A4	1
SLC6A5	1
SLC6A9	1
SLC7A1	1
SLC7A10	1
SLC7A5	1
SLC7A7	1
SLC8A1	1
SLC9A1	1
SLC9A3R1	1
SLC9A6	1
SLCO1B1	1
SLCO1B3	1
SLCO1B7	1
SLCO2A1	1
SLIRP	1
SLIT1	1
SLIT2	1
SLIT3	1
SLITRK1	1
SLK	1
SLN	1
SLPI	1
SLU7	1
SLX4	1
SMAD1	1
SMAD2	1
SMAD3	1
SMAD4	1
SMAD5	1
SMAD6	1
SMAD7	1
SMAD9	1
SMARCA2	1
SMARCA4	1
SMARCA5	1
SMARCAD1	1
SMARCAL1	1
SMARCB1	1
SMARCC1	1
SMARCC2	1
SMARCD2	1
SMARCE1	1
SMC1A	1
SMC2	1
SMC3	1
SMC5	1
SMC6	1
SMCHD1	1
SMDT1	1
SMG1	1
SMG6	1
SMG9	1
SMN1	1
SMN2	1
SMO	1
SMOC1	1
SMPD1	1
SMPD3	1
SMPD4	1
SMTN	1
SMUG1	1
SMURF1	1
SMURF2	1
SMYD1	1
SNAI1	1
SNAI2	1
SNAI3	1
SNAP23	1
SNAP25	1
SNAP29	1
SNAP91	1
SNAPIN	1
SNCA	1
SNCB	1
SNORC	1
SNPH	1
SNRK	1
SNRNP200	1
SNRNP27	1
SNRPN	1
SNX1	1
SNX10	1
SNX13	1
SNX2	1
SNX22	1
SNX27	1
SNX3	1
SNX5	1
SOCS1	1
SOCS3	1
SOCS7	1
SOD1	1
SOD2	1
SOD3	1
SORBS2	1
SORT1	1
SOS1	1
SOSTDC1	1
SOX1	1
SOX10	1
SOX11	1
SOX17	1
SOX18	1
SOX2	1
SOX3	1
SOX4	1
SOX5	1
SOX6	1
SOX7	1
SOX9	1
SP1	1
SP2	1
SP3	1
SP4	1
SP6	1
SP7	1
SP8	1
SP9	1
SPAG17	1
SPATA13	1
SPATA18	1
SPATA5	1
SPDEF	1
SPECC1L	1
SPEF1	1
SPEF2	1
SPEG	1
SPEN	1
SPHK1	1
SPHK2	1
SPI1	1
SPIB	1
SPIC	1
SPIN1	1
SPINK1	1
SPINK5	1
SPINT1	1
SPINT2	1
SPNS1	1
SPNS2	1
SPO11	1
SPOP	1
SPOUT1	1
SPP1	1
SPR	1
SPRTN	1
SPRY1	1
SPRY2	1
SPRY4	1
SPTA1	1
SPTAN1	1
SPTB	1
SPTBN1	1
SPTBN4	1
SPTLC1	1
SPTLC2	1
SPTSSA	1
SPTSSB	1
SQLE	1
SQSTM1	1
SRC	1
SRD5A3	1
SREBF1	1
SREBF2	1
SRF	1
SRGAP2	1
SRGAP3	1
SRP9	1
SRPK2	1
SRRM4	1
SRRT	1
SRSF1	1
SRSF10	1
SRSF2	1
SRSF3	1
SRSF7	1
SRXN1	1
SRY	1
SS18	1
SS18L1	1
SSB	1
SSBP1	1
SSBP2	1
SSBP3	1
SSPN	1
SSR1	1
SSR2	1
SSR3	1
SSRP1	1
SST	1
ST14	1
ST3GAL5	1
ST8SIA1	1
ST8SIA2	1
ST8SIA4	1
STAB1	1
STAB2	1
STAC3	1
STAG1	1
STAM	1
STAM2	1
STAMBP	1
STAR	1
STARD7	1
STAT1	1
STAT2	1
STAT3	1
STAT4	1
STAT5A	1
STAT5B	1
STAT6	1
STIL	1
STIM1	1
STIM2	1
STIP1	1
STK11	1
STK3	1
STK35	1
STK36	1
STK38	1
STK4	1
STK40	1
STRA6	1
STRAP	1
STRBP	1
STRIP1	1
STRN	1
STRN3	1
STUB1	1
STX18	1
STX1A	1
STX1B	1
STX3	1
STX4	1
STXBP1	1
STXBP2	1
STXBP3	1
STXBP5	1
STXBP5L	1
SUB1	1
SUCLA2	1
SUCLG2	1
SUCO	1
SUDS3	1
SUFU	1
SUGT1	1
SULF1	1
SULF2	1
SUMF1	1
SUMO1	1
SUMO2	1
SUMO3	1
SUN1	1
SUN2	1
SUPT20H	1
SUPT3H	1
SUPT4H1	1
SUPT5H	1
SUPT6H	1
SUPV3L1	1
SURF1	1
SUSD6	1
SUV39H1	1
SUV39H2	1
SUZ12	1
SV2A	1
SV2B	1
SVEP1	1
SVOP	1
SYCP2L	1
SYF2	1
SYK	1
SYNE1	1
SYNE2	1
SYNGAP1	1
SYNJ1	1
SYNPO2	1
SYT1	1
SYT2	1
SYT5	1
SYVN1	1
SZT2	1
TAB1	1
TAB2	1
TACC3	1
TACO1	1
TADA3	1
TAF10	1
TAF4	1
TAF4B	1
TAF6	1
TAF7	1
TAF8	1
TAGLN	1
TAL1	1
TAL2	1
TAMM41	1
TANC2	1
TANGO6	1
TANK	1
TAP1	1
TAPT1	1
TARBP2	1
TARDBP	1
TASP1	1
TAX1BP1	1
TBC1D14	1
TBC1D4	1
TBCE	1
TBK1	1
TBP	1
TBR1	1
TBRG1	1
TBX1	1
TBX10	1
TBX15	1
TBX18	1
TBX2	1
TBX20	1
TBX22	1
TBX3	1
TBX4	1
TBX5	1
TBX6	1
TBXT	1
TCEA1	1
TCF12	1
TCF15	1
TCF21	1
TCF3	1
TCF4	1
TCF7	1
TCF7L1	1
TCF7L2	1
TCIRG1	1
TCOF1	1
TCTN1	1
TDG	1
TDGF1	1
TEAD1	1
TEAD2	1
TEAD4	1
TEF	1
TEK	1
TELO2	1
TENM3	1
TENM4	1
TENT5A	1
TENT5C	1
TERF1	1
TERF2	1
TERF2IP	1
TERT	1
TET1	1
TET2	1
TEX10	1
TEX19	1
TF	1
TFAM	1
TFAP2A	1
TFAP2B	1
TFAP2C	1
TFAP4	1
TFB1M	1
TFCP2L1	1
TFDP1	1
TFE3	1
TFEB	1
TFPI	1
TFRC	1
TGFB1	1
TGFB2	1
TGFB3	1
TGFBI	1
TGFBR1	1
TGFBR2	1
TGFBR3	1
TGIF1	1
TGIF2	1
TGM1	1
TGM2	1
TGM3	1
TGS1	1
TH	1
THAP1	1
THAP11	1
THBD	1
THBS1	1
THBS2	1
THOC1	1
THOC5	1
THRA	1
THRB	1
THUMPD3-AS1	1
TIA1	1
TIAL1	1
TICAM1	1
TIE1	1
TIFAB	1
TIGAR	1
TIMELESS	1
TIMM22	1
TIMM23	1
TIMM23B	1
TIMM50	1
TIMMDC1	1
TIMP1	1
TIMP3	1
TIMP4	1
TINAGL1	1
TINF2	1
TIPARP	1
TIRAP	1
TJP1	1
TJP2	1
TK1	1
TK2	1
TKT	1
TLE3	1
TLE4	1
TLL1	1
TLN1	1
TLN2	1
TLR2	1
TLR3	1
TLR4	1
TLR5	1
TLR7	1
TLR9	1
TLX2	1
TLX3	1
TM7SF2	1
TMBIM7P	1
TMCO1	1
TMED10	1
TMED2	1
TMEFF2	1
TMEM100	1
TMEM107	1
TMEM115	1
TMEM132A	1
TMEM14C	1
TMEM161B	1
TMEM163	1
TMEM173	1
TMEM184B	1
TMEM219	1
TMEM231	1
TMEM258	1
TMEM30A	1
TMEM38A	1
TMEM38B	1
TMEM63B	1
TMEM67	1
TMEM70	1
TMEM8A	1
TMOD1	1
TMOD3	1
TMPRSS2	1
TMPRSS6	1
TMSB4X	1
TMTC3	1
TNF	1
TNFAIP3	1
TNFAIP8L2	1
TNFRSF10A	1
TNFRSF10B	1
TNFRSF10C	1
TNFRSF10D	1
TNFRSF11A	1
TNFRSF11B	1
TNFRSF13B	1
TNFRSF14	1
TNFRSF1A	1
TNFRSF1B	1
TNFRSF25	1
TNFRSF4	1
TNFRSF9	1
TNFSF10	1
TNFSF11	1
TNIP1	1
TNKS	1
TNKS2	1
TNNI2	1
TNNI3	1
TNNT2	1
TNNT3	1
TNPO3	1
TNRC6A	1
TNRC6B	1
TNRC6C	1
TNS2	1
TNS3	1
TNXB	1
TOE1	1
TOMM5	1
TOP1	1
TOP2B	1
TOP3A	1
TOP3B	1
TOPBP1	1
TOR1A	1
TOR1AIP1	1
TOX3	1
TP53	1
TP53BP1	1
TP53BP2	1
TP53INP1	1
TP63	1
TP73	1
TPBG	1
TPH2	1
TPI1	1
TPM1	1
TPM3	1
TPMT	1
TPO	1
TPP1	1
TPP2	1
TPR	1
TPT1	1
TPX2	1
TRA2B	1
TRAF2	1
TRAF3	1
TRAF3IP1	1
TRAF3IP2	1
TRAF4	1
TRAF6	1
TRAFD1	1
TRAIP	1
TRAK1	1
TREX1	1
TRIB1	1
TRIB2	1
TRIM21	1
TRIM25	1
TRIM27	1
TRIM28	1
TRIM33	1
TRIM37	1
TRIM38	1
TRIM54	1
TRIM55	1
TRIM63	1
TRIM71	1
TRIO	1
TRIOBP	1
TRIP11	1
TRIP12	1
TRIP13	1
TRMT1	1
TRMU	1
TRNAU1AP	1
TRO	1
TRPC3	1
TRPM2	1
TRPM6	1
TRPM7	1
TRPS1	1
TRPV2	1
TRRAP	1
TRUB2	1
TSC1	1
TSC2	1
TSFM	1
TSG101	1
TSHR	1
TSHZ1	1
TSHZ2	1
TSHZ3	1
TSIX	1
TSLP	1
TSTA3	1
TTBK2	1
TTC25	1
TTC26	1
TTC7A	1
TTC8	1
TTL	1
TTN	1
TTYH1	1
TUBB	1
TUBB2B	1
TUBB3	1
TUBG1	1
TULP3	1
TUSC2	1
TUT4	1
TWIST1	1
TWIST2	1
TWNK	1
TWSG1	1
TXN	1
TXN2	1
TXNIP	1
TXNRD1	1
TXNRD2	1
TYK2	1
TYR	1
TYRP1	1
UBA3	1
UBA5	1
UBA6	1
UBC	1
UBE2A	1
UBE2B	1
UBE2C	1
UBE2H	1
UBE2I	1
UBE2J1	1
UBE2L3	1
UBE2M	1
UBE2N	1
UBE2O	1
UBE2Q1	1
UBE2W	1
UBE3A	1
UBE3B	1
UBE3D	1
UBE4B	1
UBIAD1	1
UBL4A	1
UBLCP1	1
UBP1	1
UBR1	1
UBR2	1
UBR3	1
UBR4	1
UBR5	1
UBTF	1
UCHL1	1
UCHL3	1
UCHL5	1
UCP1	1
UCP2	1
UFL1	1
UGCG	1
UGDH	1
UGGT1	1
UGT8	1
UHRF1	1
UHRF2	1
UIMC1	1
ULK1	1
ULK2	1
ULK4	1
UNC13A	1
UNC13B	1
UNC45A	1
UNC45B	1
UNC5B	1
UNC5C	1
UNC79	1
UNC93B1	1
UNCX	1
UNG	1
UOX	1
UPF1	1
UPF2	1
UPF3A	1
UPK2	1
UQCRB	1
UQCRFS1	1
UROD	1
UROS	1
USE1	1
USF1	1
USF2	1
USF3	1
USO1	1
USP1	1
USP10	1
USP14	1
USP15	1
USP16	1
USP18	1
USP21	1
USP22	1
USP3	1
USP36	1
USP37	1
USP39	1
USP5	1
USP50	1
USP7	1
USP8	1
USP9X	1
UTF1	1
UTRN	1
UTY	1
UXS1	1
UXT	1
VAC14	1
VAMP1	1
VAMP2	1
VAMP5	1
VAMP8	1
VANGL1	1
VANGL2	1
VASN	1
VASP	1
VAV1	1
VAX1	1
VAX2	1
VCAM1	1
VCAN	1
VCL	1
VCP	1
VDAC1	1
VDAC3	1
VDR	1
VEGFA	1
VEGFC	1
VEGFD	1
VEZF1	1
VEZT	1
VGF	1
VHL	1
VIM	1
VIP	1
VIPR1	1
VIRMA	1
VKORC1	1
VLDLR	1
VPS13D	1
VPS18	1
VPS25	1
VPS26A	1
VPS33B	1
VPS35	1
VPS37D	1
VPS41	1
VPS4A	1
VPS51	1
VPS52	1
VPS53	1
VPS54	1
VPS72	1
VRTN	1
VSIG4	1
VSIR	1
VSX2	1
VTCN1	1
VTI1A	1
VTI1B	1
VWF	1
WAPL	1
WARS	1
WARS2	1
WASF1	1
WASF2	1
WASHC1	1
WASHC5	1
WASL	1
WDFY3	1
WDPCP	1
WDR1	1
WDR11	1
WDR12	1
WDR19	1
WDR3	1
WDR35	1
WDR36	1
WDR4	1
WDR48	1
WDR55	1
WDR59	1
WDR77	1
WDR83	1
WDTC1	1
WEE1	1
WFS1	1
WIF1	1
WIPF1	1
WIZ	1
WLS	1
WNK1	1
WNT1	1
WNT11	1
WNT2	1
WNT3	1
WNT3A	1
WNT4	1
WNT5A	1
WNT5B	1
WNT6	1
WNT7A	1
WNT7B	1
WNT9A	1
WNT9B	1
WRAP53	1
WRB	1
WRN	1
WT1	1
WTAP	1
WTIP	1
WWOX	1
WWP2	1
WWTR1	1
XAB2	1
XBP1	1
XDH	1
XIAP	1
XIRP2	1
XIST	1
XPA	1
XPC	1
XPNPEP1	1
XPOT	1
XRCC1	1
XRCC2	1
XRCC3	1
XRCC4	1
XRCC5	1
XYLT1	1
YAP1	1
YARS	1
YBX1	1
YBX3	1
YES1	1
YIPF5	1
YIPF6	1
YJU2	1
YME1L1	1
YTHDC1	1
YTHDF2	1
YWHAE	1
YWHAQ	1
YWHAZ	1
YY1	1
ZBP1	1
ZBTB17	1
ZBTB18	1
ZBTB20	1
ZBTB24	1
ZBTB33	1
ZBTB46	1
ZBTB7A	1
ZC3H12A	1
ZC3HC1	1
ZDHHC13	1
ZDHHC16	1
ZEB1	1
ZEB2	1
ZFAND5	1
ZFAT	1
ZFHX3	1
ZFP36	1
ZFP36L1	1
ZFP36L2	1
ZFP42	1
ZFP57	1
ZFPM1	1
ZFPM2	1
ZFR	1
ZFX	1
ZHX3	1
ZIC1	1
ZIC2	1
ZIC3	1
ZIC4	1
ZIC5	1
ZMIZ1	1
ZMIZ2	1
ZMPSTE24	1
ZMYM2	1
ZMYND10	1
ZNF106	1
ZNF148	1
ZNF207	1
ZNF24	1
ZNF266	1
ZNF274	1
ZNF281	1
ZNF335	1
ZNF346	1
ZNF385A	1
ZNF423	1
ZNF462	1
ZNF48	1
ZNF496	1
ZNF521	1
ZNF536	1
ZNF609	1
ZNF689	1
ZNF830	1
ZNRF3	1
ZPR1	1
ZRANB1	1
ZSCAN10	1
ZSWIM5	1
ZSWIM6	1
ZWILCH	1
