Gene_Name,CAD_eQTL_hits
CELSR2,1
SORT1,1
PSRC1,5
UBE2Q1,3
LIPA,25
SFXN2,166
C10orf32,402
NT5C2,59
AS3MT,71
USMG5,149
C10orf26,2
CTSF,41
LRFN4,91
CCS,189
RIN1,7
PDGFD,1
TAGLN,13
SPA17,41
ST3GAL4,11
FOXRED1,7
CACNB3,7
CMKLR1,10
SH2B3,158
FAM109A,157
TMEM116,4
SPPL3,3
C12orf43,3
RPGRIP1,5
HNRNPC,1
TDRD9,14
C15orf53,29
CTSH,247
ADAMTS7,118
GGA2,195
COG7,68
DCTN5,102
PEMT,4
RASD1,2
SRR,141
UBE2Z,126
ATP5G1,68
ATP13A1,33
LPAR2,6
MAU2,13
SMARCA4,11
LOC400684,116
RABAC1,8
TSGA10,168
LIPT1,128
CIAO1,25
UNC50,28
FAM117B,31
ANKMY1,9
CDC25B,6
PARD6B,2
NT5DC2,305
GNL3,89
ITIH4,157
TMEM110,20
GLT8D1,21
LRRFIP2,34
TRANK1,13
CMTM8,3
COLQ,32
ANKRD28,6
FAIM,124
CEP70,48
MCCC1,135
PPM1K,1
MCTP1,15
ANKRD32,5
DEF6,28
LST1,27
HCG27,404
HCG22,337
TCF19,289
CCHCR1,228
DDR1,77
HLA-C,164
HLA-B,219
UHRF1BP1,50
VARS2,10
HLA-DQB1,1
MICB,24
TCP11,11
DPCR1,1
FAM46A,4
SLC22A3,2
MAD1L1,14
GPR22,66
SLC45A4,3
NUDT2,54
CDKN2B,2
TTC39B,61
ZNF79,265
SLC2A8,237
RALGPS1,33
RPL12,87
SURF1,19
SURF6,2
