Gene_Name	GOA_Kidney_Research_Priority
A0PI27	Yes
A2T0Y1	Yes
A6XMV6	Yes
A-923A4.2	Yes
AADAC	Yes
AANAT	Yes
AARD	Yes
AAT	Yes
ABAT	Yes
ABCA1	Yes
ABCB1	Yes
ABCC3	Yes
ABCC5	Yes
ABCD1	Yes
ABCD2	Yes
ABCD3	Yes
ABCD4	Yes
ABHD2	Yes
ABI1	Yes
ABP1	Yes
ABTB2	Yes
ACAA1	Yes
ACAD11	Yes
ACADL	Yes
ACAT1	Yes
ACBD5	Yes
ACE	Yes
ACE2	Yes
ACLY	Yes
ACOT1	Yes
ACOT13	Yes
ACOT2	Yes
ACOT4	Yes
ACOT8	Yes
ACOX1	Yes
ACOX2	Yes
ACOX3	Yes
ACPP	Yes
ACSF3	Yes
ACSL1	Yes
ACSL3	Yes
ACSL4	Yes
ACSL5	Yes
ACSL6	Yes
ACSM1	Yes
ACSM3	Yes
ACTA1	Yes
ACTB	Yes
ACTG1	Yes
ACTN1	Yes
ACTN2	Yes
ACTN3	Yes
ACTN4	Yes
ACY1	Yes
ADAM12	Yes
ADAM17	Yes
ADAMTS13	Yes
ADAMTS2	Yes
ADAMTS3	Yes
ADGRL2	Yes
ADIPO	Yes
ADIPOQ	Yes
ADNP2	Yes
AGGF1	Yes
AGPS	Yes
AGRN	Yes
AGT	Yes
AGTR1	Yes
AGTR1A	Yes
AGTR2	Yes
AGXT	Yes
AHI1	Yes
AHSA2	Yes
AIF1	Yes
AKAP7	Yes
AKAP9	Yes
AKR1B1	Yes
AKR1C3	Yes
AKR1CL	Yes
AKT1	Yes
AKT1S1	Yes
AKT2	Yes
AKT3	Yes
AKTIP	Yes
ALB	Yes
ALDH1A2	Yes
ALDH1L1	Yes
ALDH2	Yes
ALDH3A2	Yes
ALDOB	Yes
ALG1	Yes
ALMS1	Yes
ALPL	Yes
AMACR	Yes
AMER1	Yes
ANAPC11	Yes
ANGPTL4	Yes
ANK3	Yes
ANKRD1	Yes
ANO1	Yes
ANOS1	Yes
ANTXR2	Yes
ANXA4	Yes
AOC1	Yes
APBB1IP	Yes
APC	Yes
APC2	Yes
APM1	Yes
APOC1	Yes
APOD	Yes
APOE	Yes
APOL1	Yes
APRT	Yes
AQP1	Yes
AQP2	Yes
AQP6	Yes
ARAF	Yes
AREG	Yes
ARF4	Yes
ARF6	Yes
ARFGAP2	Yes
ARHGAP35	Yes
ARHGEF15	Yes
ARID4A	Yes
ARL1	Yes
ARL6	Yes
ARL6IP1	Yes
ARMC4	Yes
ARNT2	Yes
ARPC1A	Yes
ARPC1B	Yes
ARPC2	Yes
ARPC3	Yes
ARPC4	Yes
ARPC5	Yes
ARPC5L	Yes
ARRB2	Yes
ASAP2	Yes
ASNS	Yes
ASPM	Yes
ASPSCR1	Yes
ASS	Yes
ASS1	Yes
ATAD1	Yes
ATF3	Yes
ATF4	Yes
ATN1	Yes
ATP10B	Yes
ATP10D	Yes
ATP1B1	Yes
ATP4B	Yes
ATP6V0A4	Yes
ATP6V0D2	Yes
ATP6V0E1	Yes
ATP6V1A	Yes
ATP6V1B1	Yes
ATP6V1B2	Yes
ATP6V1C1	Yes
ATP6V1E1	Yes
ATP6V1G1	Yes
ATP6V1G3	Yes
AUTS2	Yes
AVP	Yes
AVPR2	Yes
AZGP1	Yes
B2RAG9	Yes
B3F2F7	Yes
B3FXQ5	Yes
B5AFM5	Yes
B5FY69	Yes
B8K251	Yes
B8QHP7	Yes
BAD	Yes
BAIAP2	Yes
BASP1	Yes
BAX	Yes
BAZ1A	Yes
BBS1	Yes
BBS10	Yes
BBS12	Yes
BBS2	Yes
BBS4	Yes
BBS5	Yes
BBS7	Yes
BBS9	Yes
BCAP29	Yes
BCAR1	Yes
BCAT	Yes
BCAT1	Yes
BCL2	Yes
BDH2	Yes
BDKRB1	Yes
BDKRB2	Yes
BIN1	Yes
BIRC3	Yes
BIVM	Yes
BKB3	Yes
BLCAP	Yes
BMP2	Yes
BMP4	Yes
BMP7	Yes
BMPER	Yes
BMPR1A	Yes
BOP1	Yes
BRAF	Yes
BRD9	Yes
BRINP1	Yes
BRK1	Yes
BRN1	Yes
BSG	Yes
BSND	Yes
BTG1	Yes
BTN3A2	Yes
BUD31	Yes
C1GALT1	Yes
C1QBP	Yes
C3	Yes
C6ORF163	Yes
C9EI29	Yes
C9ORF72	Yes
CA1	Yes
CA2	Yes
CA9	Yes
CALB1	Yes
CALCR	Yes
CALD1	Yes
CALML3	Yes
CAMKMT	Yes
CAP2	Yes
CAPN2	Yes
CAPN3	Yes
CASK	Yes
CASP1	Yes
CASP2	Yes
CASP3	Yes
CAT	Yes
CATSPERZ	Yes
CAV1	Yes
CAV2	Yes
CAV3	Yes
CBS	Yes
CCDC182	Yes
CCDC3	Yes
CCDC80	Yes
CCDC86	Yes
CCDC93	Yes
CCL2	Yes
CCL20	Yes
CCL3	Yes
CCL3L1	Yes
CCL4	Yes
CCND1	Yes
CCND2	Yes
CCNF	Yes
CCR2	Yes
CCT4	Yes
CD14	Yes
CD151	Yes
CD24	Yes
CD2AP	Yes
CD34	Yes
CD36	Yes
CD46	Yes
CD47	Yes
CD53	Yes
CD74	Yes
CD80	Yes
CDC25B	Yes
CDC42	Yes
CDH1	Yes
CDH11	Yes
CDH13	Yes
CDH16	Yes
CDH2	Yes
CDH3	Yes
CDH4	Yes
CDH6	Yes
CDK9	Yes
CDKN1C	Yes
CDKN3	Yes
CDS1	Yes
CEACAM1	Yes
CEACAM8	Yes
CEBPD	Yes
CEBPG	Yes
CENPM	Yes
CEP170	Yes
CEP290	Yes
CEP83	Yes
CERS2	Yes
CFB	Yes
CFH	Yes
CFI	Yes
CFL1	Yes
CFL2	Yes
CGREF1	Yes
CHI3L1	Yes
CHKB	Yes
CHP1	Yes
CHP2	Yes
CIDEB	Yes
CISH	Yes
CITED1	Yes
CITED2	Yes
CITED4	Yes
CKB	Yes
CLCN5	Yes
CLCN6	Yes
CLCNKA	Yes
CLCNKB	Yes
CLDN1	Yes
CLDN12	Yes
CLDN16	Yes
CLDN19	Yes
CLDN2	Yes
CLDN3	Yes
CLDN6	Yes
CLEC3B	Yes
CLIC4	Yes
CLIC5	Yes
CLIP3	Yes
CLMN	Yes
CLSTN2	Yes
CLTCL1	Yes
CLU	Yes
CMAR	Yes
CMIP	Yes
CML1	Yes
CNBP	Yes
CNN3	Yes
CNOT1	Yes
COG5	Yes
COL18A1	Yes
COL1A2	Yes
COL3A1	Yes
COL4A1	Yes
COL4A2	Yes
COL4A3	Yes
COL4A4	Yes
COL4A5	Yes
COL4A6	Yes
COL5A1	Yes
COL5A3	Yes
COL6A2	Yes
COMMD5	Yes
COQ2	Yes
CPE	Yes
CPEB4	Yes
CPM	Yes
CR1	Yes
CRABP2	Yes
CRAT	Yes
CRHBP	Yes
CRIP1	Yes
CRKL	Yes
CRLF3	Yes
CROT	Yes
CRTAP	Yes
CRYL1	Yes
CSF2	Yes
CSK	Yes
CTDSPL	Yes
CTGF	Yes
CTH	Yes
CTNNA1	Yes
CTNNA2	Yes
CTNNA3	Yes
CTNNB1	Yes
CTNNBL1	Yes
CTNND1	Yes
CTNS	Yes
CTSA	Yes
CTSB	Yes
CTSH	Yes
CTSL	Yes
CTTN	Yes
CX3CL1	Yes
CXADR	Yes
CXCL12	Yes
CXCL6	Yes
CXCL8	Yes
CXCR4	Yes
CXXC5	Yes
CYFIP1	Yes
CYFIP2	Yes
CYP11B1	Yes
CYP17A1	Yes
CYP1B1	Yes
CYP27B1	Yes
CYP2B10	Yes
CYP2B6	Yes
CYP4F11	Yes
CYP4F12	Yes
CYP4F14	Yes
CYP4F2	Yes
CYP4F3	Yes
CYP4F45	Yes
CYSLTR1	Yes
CYSLTR2	Yes
D130062J21RIK	Yes
D3U1G0	Yes
DACH1	Yes
DAG1	Yes
DAO	Yes
DAP	Yes
DAPK1	Yes
DBI	Yes
DCAF12L1	Yes
DCLK1	Yes
DCN	Yes
DCUN1D3	Yes
DCUN1D4	Yes
DCUN1D5	Yes
DDC	Yes
DDIT3	Yes
DDN	Yes
DDO	Yes
DDX5	Yes
DECR2	Yes
DGKI	Yes
DHFR	Yes
DHRS4	Yes
DHRS7B	Yes
DIAPH1	Yes
DIAPH2	Yes
DIAPH3	Yes
DIRC2	Yes
DKFZP459A2126	Yes
DKFZP459G172	Yes
DKFZP468D0111	Yes
DKFZP469D1917	Yes
DKFZP469E1714	Yes
DKFZP469G0520	Yes
DKFZP469M0716	Yes
DKFZP469M2229	Yes
DKFZP469N204	Yes
DKFZP469O1635	Yes
DKFZP686G14213	Yes
DKFZP779G2333	Yes
DLG1	Yes
DLL1	Yes
DLX2	Yes
DMRTC1C1	Yes
DNAH9	Yes
DNAJA1	Yes
DNAJB2	Yes
DNAJC1	Yes
DNAJC10	Yes
DNAJC21	Yes
DNM1L	Yes
DNMBP	Yes
DOCK1	Yes
DOCK4	Yes
DOCK9	Yes
DOK1	Yes
DPEP1	Yes
DPP4	Yes
DPYS	Yes
DPYSL2	Yes
DPYSL3	Yes
DRB1	Yes
DSC2	Yes
DSP	Yes
DUSP8	Yes
DYNC1LI2	Yes
E1BCT1	Yes
E1BIY3	Yes
E1BTJ9	Yes
E1BXM9	Yes
E2R4F4	Yes
E2R960	Yes
E2RK12	Yes
E2RTC2	Yes
E3WCW6	Yes
EBI3	Yes
ECH1	Yes
ECI2	Yes
EDN2	Yes
EDN3	Yes
EDNRA	Yes
EDNRB	Yes
EEF1A	Yes
EEF1A1	Yes
EFNA1	Yes
EGFR	Yes
EGK_08172	Yes
EGK_17403	Yes
EGM_02483	Yes
EGM_07403	Yes
EGM_07472	Yes
EGM_10003	Yes
EGM_10525	Yes
EGM_10645	Yes
EGM_10646	Yes
EGM_12078	Yes
EGM_14782	Yes
EGM_18062	Yes
EGM_18760	Yes
EGM_21036	Yes
EGR1	Yes
EGR1-A	Yes
EGR3	Yes
EHBP1L1	Yes
EHD1	Yes
EHD2	Yes
EHD3	Yes
EHD4	Yes
EHHADH	Yes
ELAVL1	Yes
ELF2	Yes
ELF3	Yes
ELK1	Yes
EMP1	Yes
EMP3	Yes
EMX2	Yes
ENAH	Yes
ENO2	Yes
ENPEP	Yes
ENTPD1	Yes
EPHX2	Yes
EPOR	Yes
ERBB2	Yes
ERBB3	Yes
ERBB4	Yes
ERF	Yes
ESRRG	Yes
ETFA	Yes
ETFB	Yes
ETFDH	Yes
ETV5	Yes
EXOC3L2	Yes
EXPH5	Yes
EYA1	Yes
EZR	Yes
F11R	Yes
F1MKH7	Yes
F1NFH0	Yes
F1NW71	Yes
F1PDV8	Yes
F1PRX2	Yes
F1RNY5	Yes
F2	Yes
F2R	Yes
F2RL1	Yes
F2RL2	Yes
F2RL3	Yes
F3	Yes
F5	Yes
F6Y6R6	Yes
F6ZT88	Yes
F7DSF8	Yes
F8RWT7	Yes
FABP1	Yes
FABP6	Yes
FAM129A	Yes
FAM184A	Yes
FAM3D	Yes
FAM84B	Yes
FAR1	Yes
FAR2	Yes
FAT1	Yes
FBP1	Yes
FBXW11	Yes
FBXW12	Yes
FBXW20	Yes
FERMT1	Yes
FEZ2	Yes
FGD1	Yes
FGD3	Yes
FGD6	Yes
FGF1	Yes
FGF2	Yes
FGF5	Yes
FGF7	Yes
FGFBP1	Yes
FGF	Yes
FGFR2	Yes
FGFR3	Yes
FHIT	Yes
FHL1	Yes
FIGNL1	Yes
FIS1	Yes
FITM2	Yes
FLCN	Yes
FLNA	Yes
FLNB	Yes
FLOT1	Yes
FLT1	Yes
FLT4	Yes
FLYWCH2	Yes
FMN1	Yes
FMN2	Yes
FMOD	Yes
FN1	Yes
FNIP1	Yes
FNIP2	Yes
FOLR1	Yes
FOXB1	Yes
FOXB1A	Yes
FOXC1	Yes
FOXC2	Yes
FOXD1	Yes
FOXD2	Yes
FOXG1	Yes
FOXJ2	Yes
FOXN3	Yes
FOXO1	Yes
FPGS	Yes
FRAS1	Yes
FREM1	Yes
FRK	Yes
FUS	Yes
FUT3	Yes
FUT4	Yes
FUT6	Yes
FXYD2	Yes
FYB1	Yes
FYN	Yes
FYTTD1	Yes
FZD1	Yes
FZD10	Yes
FZD2	Yes
FZD3	Yes
FZD4	Yes
FZD5	Yes
FZD7	Yes
FZD8	Yes
G0S2	Yes
G1N7F0	Yes
G1NYW4	Yes
G1PCM6	Yes
G1Q748	Yes
G3PB57	Yes
G3QGR5	Yes
G3QW36	Yes
G3REU3	Yes
G3RVJ8	Yes
G6PC	Yes
G9KIA0	Yes
GADD45A	Yes
GADD45B	Yes
GAL3ST1	Yes
GALNT10	Yes
GARS	Yes
GAS1	Yes
GAS2L1	Yes
GAS6	Yes
GATA3	Yes
GATA	Yes
GBP1	Yes
GBP2	Yes
GCKR	Yes
GCNT1	Yes
GCNT3	Yes
GDF1	Yes
GDF11	Yes
GDNF	Yes
GEM	Yes
GFRA1	Yes
GFRA2	Yes
GGCT	Yes
GGT	Yes
GGT1	Yes
GGT2	Yes
GGT3P	Yes
GGT5	Yes
GGT6	Yes
GGT7	Yes
GGTA1P	Yes
GGTLC1	Yes
GGTLC2	Yes
GGTLC3	Yes
GHR	Yes
GIT1	Yes
GJA1	Yes
GJD3	Yes
GK	Yes
GLA	Yes
GLI2	Yes
GLIPR1	Yes
GLIS2	Yes
GLS	Yes
GM136	Yes
GM21093	Yes
GMDS	Yes
GNA12	Yes
GNA13	Yes
GNAL	Yes
GNAQ	Yes
GNAS	Yes
GNG12	Yes
GNPAT	Yes
GOLGA4	Yes
GOLGA8A	Yes
GOLGA8B	Yes
GOLGA8F	Yes
GOPC	Yes
GPAT3	Yes
GPC3	Yes
GPC4	Yes
GPD1	Yes
GPLD1	Yes
GPNMB	Yes
GPR137B	Yes
GPR176	Yes
GPX2	Yes
GRB2	Yes
GREM1	Yes
GRHPR	Yes
GRIK2	Yes
GRIP1	Yes
GSDMC2	Yes
GSDMC4	Yes
GSK3B	Yes
GSN	Yes
GSTK1	Yes
GSTM1	Yes
GSTO2	Yes
GSTP1	Yes
GSTT1	Yes
GTPBP4	Yes
GW7_00302	Yes
GW7_02116	Yes
GW7_02754	Yes
GW7_10547	Yes
GW7_12426	Yes
GW7_13156	Yes
GW7_13762	Yes
GW7_15350	Yes
GW7_16408	Yes
GW7_18750	Yes
GW7_19948	Yes
H0Z9N8	Yes
H3F3A	Yes
H671_4G13216	Yes
H671_8G19468	Yes
HACE1	Yes
HACL1	Yes
HAG2	Yes
HAO1	Yes
HAO2	Yes
HBB	Yes
HCK	Yes
HDC	Yes
HERPUD1	Yes
HES1	Yes
HES5	Yes
HEY1	Yes
HEY2	Yes
HEYL	Yes
HGF	Yes
HHAT	Yes
HINFP	Yes
HIPK2	Yes
HIST1H4A	Yes
HLA-DRB1	Yes
HMGA2	Yes
HMGB1	Yes
HMGB2	Yes
HMGCL	Yes
HMGCR	Yes
HMGCS1	Yes
HMGCS2	Yes
HMGI-C	Yes
HMGN4	Yes
HMGXB3	Yes
HNF1A	Yes
HNF1B	Yes
HNF4A	Yes
HNMT	Yes
HNRNPDL	Yes
HOGA1	Yes
HOOK1	Yes
HOXA10	Yes
HOXA11	Yes
HOXB6	Yes
HOXC11	Yes
HOXD11	Yes
HOXD4	Yes
HPD	Yes
HPGD	Yes
HPN	Yes
HRAS	Yes
HRG	Yes
HRH1	Yes
HRH2	Yes
HS2ST1	Yes
HS3ST1	Yes
HS3ST3A1	Yes
HSD11B2	Yes
HSD17B4	Yes
HSD17B5	Yes
HSDL2	Yes
HSPA1A	Yes
HSPA2	Yes
HSPA8	Yes
HSPB1	Yes
HSPBAP1	Yes
HTR2A	Yes
HTR2B	Yes
HYAL1	Yes
HYAL2	Yes
I79_000208	Yes
I79_001989	Yes
I79_003794	Yes
I79_005440	Yes
I79_008734	Yes
I79_009498	Yes
I79_012260	Yes
I79_018318	Yes
I79_019650	Yes
I79_024790	Yes
ICAM1	Yes
ICAM3	Yes
ICAM4	Yes
ID1	Yes
ID2	Yes
ID2-A	Yes
ID2B	Yes
ID2-B	Yes
ID3	Yes
ID4	Yes
IDE	Yes
IDH1	Yes
IDI1	Yes
IDI2	Yes
IFITM1	Yes
IFNG	Yes
IFRD1	Yes
IFT80	Yes
IFT88	Yes
IGF1R	Yes
IGFALS	Yes
IGFBP1	Yes
IGFBP2	Yes
IGFBP3	Yes
IGFBP5	Yes
IL10	Yes
IL12B	Yes
IL13	Yes
IL13RA1	Yes
IL13RA2	Yes
IL18	Yes
IL1A	Yes
IL2	Yes
IL32	Yes
IL4	Yes
IL4R	Yes
IL6	Yes
ILK	Yes
INF2	Yes
ING4	Yes
INHBA	Yes
INHBB	Yes
INPP4B	Yes
INPP5K	Yes
INSIG1	Yes
INSRR	Yes
INVS	Yes
IQCB1	Yes
IQCM	Yes
IQGAP1	Yes
IQGAP2	Yes
IQGAP3	Yes
IRS1	Yes
IRX1	Yes
IRX1-A	Yes
IRX2	Yes
IRX3	Yes
ISOC1	Yes
ITGA1	Yes
ITGA11	Yes
ITGA2	Yes
ITGA2B	Yes
ITGA3	Yes
ITGA5	Yes
ITGA6	Yes
ITGA7	Yes
ITGA8	Yes
ITGA9	Yes
ITGAD	Yes
ITGAE	Yes
ITGAL	Yes
ITGAM	Yes
ITGAV	Yes
ITGAX	Yes
ITGB1	Yes
ITGB2	Yes
ITGB3	Yes
ITGB4	Yes
ITGB5	Yes
ITGB6	Yes
ITGB7	Yes
ITPKA	Yes
ITPKB	Yes
ITPR1	Yes
ITPR2	Yes
ITPR3	Yes
ITSN1	Yes
JAG1	Yes
JAM2	Yes
JAM3	Yes
JAML	Yes
JARID2	Yes
JUND	Yes
JUP	Yes
K7G9U7	Yes
KANK2	Yes
KCNIP3	Yes
KCNJ1	Yes
KDELC2	Yes
KDM8	Yes
KDR	Yes
KHDRBS3	Yes
KIAA1191	Yes
KIF3C	Yes
KIF5B	Yes
KIRREL1	Yes
KIRREL2	Yes
KIRREL3	Yes
KITLG	Yes
KL	Yes
KLF10	Yes
KLF3	Yes
KLF9	Yes
KLHL21	Yes
KLHL3	Yes
KLHL4	Yes
KLHL5	Yes
KLK1	Yes
KLK15	Yes
KNG1	Yes
KRAS	Yes
KRBA1	Yes
KRT17	Yes
KRT34	Yes
KRT7	Yes
L3MBTL1	Yes
LAMA1	Yes
LAMA3	Yes
LAMA5	Yes
LAMB1	Yes
LAMB2	Yes
LAMC1	Yes
LARGE1	Yes
LAYN	Yes
LCN2	Yes
LEF1	Yes
LEP	Yes
LEPR	Yes
LGR4	Yes
LHX1	Yes
LHX1A	Yes
LIF	Yes
LILRB1	Yes
LIMK1	Yes
LIMK2	Yes
LIMS1	Yes
LIMS2	Yes
LIRA	Yes
LIX1L	Yes
LMX1B	Yes
LOC100170549	Yes
LOC100302540	Yes
LOC100400251	Yes
LOC100415219	Yes
LOC100424768	Yes
LOC100469295	Yes
LOC100555534	Yes
LOC100595821	Yes
LOC100894903	Yes
LOC100912836	Yes
LOC367515	Yes
LOC477273	Yes
LOC481602	Yes
LOC499235	Yes
LOC532403	Yes
LOC711440	Yes
LOC718349	Yes
LOC72520	Yes
LONP2	Yes
LONRF1	Yes
LPP	Yes
LRMP	Yes
LRRC34	Yes
LRRC7	Yes
LRRFIP1	Yes
LRSAM1	Yes
LTBP1	Yes
LTF	Yes
LY75	Yes
M1AP	Yes
MACROD2	Yes
MAFA-DRB	Yes
MAGED1	Yes
MAGI1	Yes
MAGI2	Yes
MAL	Yes
MALL	Yes
MAP2K1	Yes
MAP2K2	Yes
MAP2K3OS	Yes
MAP3K10	Yes
MAP4K4	Yes
MAPK1	Yes
MAPK13	Yes
MAPK3	Yes
MAPK7	Yes
MARF1	Yes
MARVELD2	Yes
MATN2	Yes
MAVS	Yes
MC5R	Yes
MCL1	Yes
MCM4	Yes
MDK	Yes
MDM2	Yes
MDP	Yes
ME3	Yes
MECOM	Yes
MED1	Yes
MEF2A	Yes
MEF2C	Yes
MEG3	Yes
MET	Yes
METTL7B	Yes
MFAP4	Yes
MFF	Yes
MFSD4B	Yes
MFSD4B1	Yes
MGST1	Yes
MHC-DRB	Yes
MIOX	Yes
MIR199A2	Yes
MITF	Yes
MKIAA0543	Yes
MKKS	Yes
MLC1	Yes
MLLT11	Yes
MLLT6	Yes
MLXIP	Yes
MLYCD	Yes
MME	Yes
MMP1	Yes
MMP2	Yes
MMP7	Yes
MMRN1	Yes
MORC3	Yes
MPC2	Yes
MPV17	Yes
MPV17L	Yes
MPZL2	Yes
MRAS	Yes
MRNIP	Yes
MRPL9	Yes
MRPS30	Yes
MSN	Yes
MT1	Yes
MT1A	Yes
MT1B	Yes
MT1C	Yes
MT1D	Yes
MT1E	Yes
MT1F	Yes
MT1G	Yes
MT1H	Yes
MT1L	Yes
MT1M	Yes
MT1X	Yes
MT2	Yes
MT2A	Yes
MT2B	Yes
MT3	Yes
MTDH	Yes
MTHFD2	Yes
MTNC	Yes
MTSS1	Yes
MTSS1L	Yes
MUC1	Yes
MUL1	Yes
MUP1	Yes
MUP11	Yes
MUP2	Yes
MUP20	Yes
MUP3	Yes
MUP4	Yes
MUP5	Yes
MUP6	Yes
MVD	Yes
MVK	Yes
MXD3	Yes
MYBL1	Yes
MYC	Yes
MYC-A	Yes
MYH10	Yes
MYH14	Yes
MYH9	Yes
MYL10	Yes
MYL12A	Yes
MYL12B	Yes
MYL6	Yes
MYL7	Yes
MYL9	Yes
MYLK	Yes
MYLK2	Yes
MYLK3	Yes
MYLPF	Yes
MYO10	Yes
MYO15B	Yes
MYO1B	Yes
NAA30	Yes
NAB1	Yes
NAB2	Yes
NAIP	Yes
NAIP1	Yes
NAMPT	Yes
NAPG	Yes
NAPSA	Yes
NAT8	Yes
NBEA	Yes
NCK1	Yes
NCK2	Yes
NCKAP1	Yes
NCKAP1L	Yes
NCOA3	Yes
NEBL	Yes
NEK4	Yes
NEK7	Yes
NEWGENE_6497122	Yes
NF1	Yes
NFIB	Yes
NKG7	Yes
NKX3-1	Yes
NLGN4Y	Yes
NLRC3	Yes
NMT2	Yes
NOG	Yes
NOL3	Yes
NOS1	Yes
NOS2	Yes
NOS3	Yes
NOTCH1	Yes
NOTCH2	Yes
NOTCH4	Yes
NPAS3	Yes
NPHP1	Yes
NPHP3	Yes
NPHP4	Yes
NPHS1	Yes
NPHS2	Yes
NPNT	Yes
NPPB	Yes
NPR3	Yes
NPTX2	Yes
NR3C1	Yes
NR3C2	Yes
NRAS	Yes
NRBP2	Yes
NREP	Yes
NRP1	Yes
NRSN2	Yes
NSG2	Yes
NUAK1	Yes
NUCB1	Yes
NUDT12	Yes
NUDT19	Yes
NUDT7	Yes
O00172	Yes
O00420	Yes
O13111	Yes
O14597	Yes
O14741	Yes
O15094	Yes
O18842	Yes
O43601	Yes
O43832	Yes
O57484	Yes
O60352	Yes
O88684	Yes
O93346	Yes
OAS1	Yes
OCLN	Yes
OCRL	Yes
OGG1	Yes
OIP5	Yes
OK/SW-CL.68	Yes
OLFML3	Yes
OPN	Yes
OR10H4	Yes
OR12A07	Yes
OR2L8	Yes
OR2S2	Yes
OR6A2	Yes
ORM1	Yes
OSR1	Yes
OSR2	Yes
OSR2-A	Yes
OXTR	Yes
P02761	Yes
P02800	Yes
P02801	Yes
P11957	Yes
P18055	Yes
P33MONOX	Yes
P3.58	Yes
P3H2	Yes
P4HA2	Yes
P55942	Yes
P55943	Yes
P80289	Yes
P80290	Yes
P80291	Yes
P80292	Yes
PAK1	Yes
PAK2	Yes
PAK3	Yes
PAK4	Yes
PAK5	Yes
PAK6	Yes
PALLD	Yes
PAM	Yes
PANDA_000148	Yes
PANDA_000324	Yes
PANDA_001397	Yes
PANDA_002390	Yes
PANDA_002743	Yes
PANDA_003019	Yes
PANDA_003072	Yes
PANDA_003456	Yes
PANDA_003580	Yes
PANDA_003859	Yes
PANDA_003979	Yes
PANDA_004016	Yes
PANDA_005664	Yes
PANDA_005946	Yes
PANDA_006422	Yes
PANDA_006482	Yes
PANDA_007979	Yes
PANDA_008702	Yes
PANDA_009156	Yes
PANDA_009178	Yes
PANDA_009317	Yes
PANDA_009788	Yes
PANDA_010022	Yes
PANDA_010694	Yes
PANDA_010743	Yes
PANDA_010875	Yes
PANDA_013598	Yes
PANDA_014138	Yes
PANDA_014230	Yes
PANDA_015074	Yes
PANDA_015980	Yes
PANDA_016948	Yes
PANDA_017396	Yes
PANDA_019348	Yes
PANDA_020053	Yes
PANDA_020601	Yes
PANDA_022198	Yes
PANK2	Yes
PAOX	Yes
PAPLN	Yes
PAPPA	Yes
PARD3	Yes
PAWR	Yes
PAX2	Yes
PAX-2	Yes
PAX2-A	Yes
PAX2-B	Yes
PAX8	Yes
PAXIP1	Yes
PBX1	Yes
PBX2	Yes
PCDH20	Yes
PCID2	Yes
PCK1	Yes
PCK2	Yes
PCNA	Yes
PCP4	Yes
PCSK5	Yes
PCSK9	Yes
PDE2A	Yes
PDE2A3	Yes
PDE4DIP	Yes
PDE5A	Yes
PDGFA	Yes
PDGFB	Yes
PDGFRA	Yes
PDGFRB	Yes
PDPN	Yes
PDSS2	Yes
PECR	Yes
PEX1	Yes
PEX10	Yes
PEX11A	Yes
PEX11B	Yes
PEX11G	Yes
PEX12	Yes
PEX13	Yes
PEX14	Yes
PEX16	Yes
PEX19	Yes
PEX2	Yes
PEX26	Yes
PEX3	Yes
PEX5	Yes
PEX5L	Yes
PEX6	Yes
PEX7	Yes
PFKFB3	Yes
PFN1	Yes
PFN2	Yes
PFN3	Yes
PFN4	Yes
PHF8	Yes
PHYH	Yes
PIBF1	Yes
PIK3CA	Yes
PIK3CB	Yes
PIK3CD	Yes
PIK3CG	Yes
PIK3R1	Yes
PIK3R2	Yes
PIK3R3	Yes
PIK3R5	Yes
PIKFYVE	Yes
PIP4K2A	Yes
PIP4K2B	Yes
PIP4K2C	Yes
PIP5K1A	Yes
PIP5K1B	Yes
PIP5K1C	Yes
PIPOX	Yes
PJA1	Yes
PKD1	Yes
PKD2	Yes
PKHD1	Yes
PKHD1L1	Yes
PLA2G7	Yes
PLA2R1	Yes
PLAT	Yes
PLAU	Yes
PLAUR	Yes
PLCB1	Yes
PLCB2	Yes
PLCB3	Yes
PLCB4	Yes
PLCD1	Yes
PLCD3	Yes
PLCD4	Yes
PLCE1	Yes
PLCG1	Yes
PLCG2	Yes
PLCZ1	Yes
PLD3	Yes
PLEK	Yes
PLG	Yes
PLN	Yes
PLP2	Yes
PLPP3	Yes
PLPP5	Yes
PLS3	Yes
PLSCR1	Yes
PMAIP1	Yes
PMM2	Yes
PMP22	Yes
PMVK	Yes
PNMA1	Yes
PNMA2	Yes
PNPLA8	Yes
PODXL	Yes
POLE3	Yes
POM121L1P	Yes
POMC	Yes
POSTN	Yes
POU3F2	Yes
POU3F2-B	Yes
POU3F3	Yes
POU3F4	Yes
POU4F2	Yes
PPARA	Yes
PPID	Yes
PPM1D	Yes
PPM1F	Yes
PPP1CA	Yes
PPP1CB	Yes
PPP1R12A	Yes
PPP1R16B	Yes
PPP3CB	Yes
PPP3CC	Yes
PPP4R1	Yes
PPP4R1L	Yes
PRAMEL3	Yes
PRCC	Yes
PRDM15	Yes
PRDX1	Yes
PRDX5	Yes
PREB	Yes
PRICKLE4	Yes
PRKACA	Yes
PRKAG2	Yes
PRKCA	Yes
PRKCB	Yes
PRKCG	Yes
PRKCSH	Yes
PRKX	Yes
PRNP	Yes
PRODH2	Yes
PROZ	Yes
PRRC2A	Yes
PSEN1	Yes
PSEN2	Yes
PSIP1	Yes
PSMB10	Yes
PSMB8	Yes
PTAFR	Yes
PTBP2	Yes
PTCH1	Yes
PTEN	Yes
PTER	Yes
PTGDS	Yes
PTGER4	Yes
PTGFR	Yes
PTGIS	Yes
PTGS2	Yes
PTH1R	Yes
PTI-1	Yes
PTK2	Yes
PTK2B	Yes
PTN	Yes
PTN-A	Yes
PTPN1	Yes
PTPN2	Yes
PTPRM	Yes
PTPRO	Yes
PTPRR	Yes
PURB	Yes
PXMP2	Yes
PXMP4	Yes
PXN	Yes
PXT1	Yes
Q13088	Yes
Q13138	Yes
Q13747	Yes
Q13749	Yes
Q14666	Yes
Q15789	Yes
Q16089	Yes
Q16668	Yes
Q2EF79	Yes
Q2F837	Yes
Q2LDA4	Yes
Q2TBK0	Yes
Q2TIL1	Yes
Q3I0J7	Yes
Q3LR94	Yes
Q3SCJ9	Yes
Q4R3D3	Yes
Q4R501	Yes
Q53FL7	Yes
Q53HQ0	Yes
Q5ISK2	Yes
Q5ISP8	Yes
Q6PVU4	Yes
Q6T7C3	Yes
Q6VEU6	Yes
Q6X2S3	Yes
Q8HXC0	Yes
Q8HZM9	Yes
Q8MKB4	Yes
Q8VHR7	Yes
Q95K51	Yes
Q98SP9	Yes
Q9CXU6	Yes
Q9HBP0	Yes
Q9PUR3	Yes
Q9PWG6	Yes
Q9UIL5	Yes
Q9W6Q3	Yes
QPCT	Yes
QRICH1	Yes
QTSA-12155	Yes
RAB27B	Yes
RABAC1	Yes
RABEP1	Yes
RAMP2	Yes
RAPH1	Yes
RARA	Yes
RARB	Yes
RARRES2	Yes
RARRES3	Yes
RASAL2	Yes
RBBP7	Yes
RBM47	Yes
RBM5	Yes
RBP1	Yes
RCHY1	Yes
RCN2	Yes
RDH5	Yes
RDX	Yes
REC8	Yes
REG1	Yes
REG1A	Yes
RELA	Yes
RELB	Yes
REN	Yes
REN1	Yes
REST	Yes
RET	Yes
RGD1563056	Yes
RGD1565844	Yes
RGL4	Yes
RH50	Yes
RHAG	Yes
RHBG	Yes
RHCG	Yes
RHOA	Yes
RHOC	Yes
RHOT1	Yes
RHOT2	Yes
RICTOR	Yes
RLF	Yes
RNF138RT1	Yes
RNF139	Yes
RNF146	Yes
RNF187	Yes
RNF34	Yes
RNF43	Yes
ROBO2	Yes
ROCK1	Yes
ROCK2	Yes
RORC	Yes
RPL12	Yes
RPL23A	Yes
RPL27A	Yes
RPL3L	Yes
RPS6KA1	Yes
RPS6KA2	Yes
RPS6KB1	Yes
RPTOR	Yes
RRAD	Yes
RRAGD	Yes
RRAS	Yes
RRAS2	Yes
RRM2	Yes
RYR3	Yes
S100A2	Yes
S100A4	Yes
S1PR3	Yes
SAA1	Yes
SAA2	Yes
SALL1	Yes
SAMD4A	Yes
SAP18	Yes
SATB2	Yes
SC5D	Yes
SCAP	Yes
SCARB2	Yes
SCIN	Yes
SCNN1A	Yes
SCNN1B	Yes
SCNN1G	Yes
SCP2	Yes
SCX	Yes
SDC3	Yes
SDK1	Yes
SEC24B	Yes
SEL1L3	Yes
SELL	Yes
SEPT9	Yes
SERF2	Yes
SERHL2	Yes
SERPINA1	Yes
SERPINA10	Yes
SERPINA3	Yes
SERPINC1	Yes
SERPINE1	Yes
SERPINE2	Yes
SERPINF1	Yes
SERPING1	Yes
SERPINI1	Yes
SFRP1	Yes
SGIP1	Yes
SGK1	Yes
SH2D2A	Yes
SHANK1	Yes
SHC2	Yes
SHH	Yes
SIAH2	Yes
SIGIRR	Yes
SIRPA	Yes
SIX1	Yes
SIX2	Yes
SIX4	Yes
SKIP	Yes
SLC12A1	Yes
SLC12A3	Yes
SLC14A2	Yes
SLC16A14	Yes
SLC17A1	Yes
SLC17A3	Yes
SLC1A4	Yes
SLC1A5	Yes
SLC22A12	Yes
SLC22A18	Yes
SLC22A3	Yes
SLC22A6	Yes
SLC23A1	Yes
SLC23A2	Yes
SLC25A17	Yes
SLC25A4	Yes
SLC26A4	Yes
SLC26A5	Yes
SLC27A2	Yes
SLC2A4	Yes
SLC30A1	Yes
SLC34A1	Yes
SLC35E3	Yes
SLC39A1	Yes
SLC39A10	Yes
SLC39A6	Yes
SLC3A1	Yes
SLC47A2	Yes
SLC4A1	Yes
SLC4A7	Yes
SLC5A11	Yes
SLC5A2	Yes
SLC6A13	Yes
SLC6A20	Yes
SLC6A20B	Yes
SLC6A3	Yes
SLC6A8	Yes
SLC7A10	Yes
SLC7A5	Yes
SLC7A9	Yes
SLC9A3R2	Yes
SLIT2	Yes
SLN	Yes
SLPI	Yes
SMAD2	Yes
SMAD3	Yes
SMAD4	Yes
SMAD6	Yes
SMAD7	Yes
SMARCA5	Yes
SMARCAL1	Yes
SMC3	Yes
SMO	Yes
SNAP23	Yes
SNAP25	Yes
SNRNP70	Yes
SNX18	Yes
SOAT1	Yes
SOD1	Yes
SORD	Yes
SOX11	Yes
SOX4	Yes
SOX8	Yes
SOX9	Yes
SP1	Yes
SPARC	Yes
SPATA48	Yes
SPOCK1	Yes
SPP1	Yes
SPRY2	Yes
SPRY4	Yes
SPRYD4	Yes
SPTA1	Yes
SPTBN1	Yes
SRC	Yes
SSC4D	Yes
SSH1	Yes
SSH2	Yes
SSH3	Yes
ST3GAL6	Yes
ST3GAL-VI	Yes
STAT1	Yes
STAU1	Yes
STC1	Yes
STC2	Yes
STK38L	Yes
STOM	Yes
STOX2	Yes
STS	Yes
SULF1	Yes
SULF2	Yes
SULT1B1	Yes
SUN1	Yes
SUSD2	Yes
SVCT1	Yes
SVCT2	Yes
SVIL	Yes
SYNPO	Yes
SZT2	Yes
TACC3	Yes
TACSTD2	Yes
TAGLN	Yes
TBC1D4	Yes
TBP	Yes
TBX1	Yes
TBXA2R	Yes
TCF21	Yes
TCN2	Yes
TDRD12	Yes
TDRP	Yes
TEAD2	Yes
TES	Yes
TESC	Yes
TFAP2A	Yes
TFAP2B	Yes
TFAP4	Yes
TFDP1	Yes
TFE3	Yes
TFPI	Yes
TFPI2	Yes
TFPT	Yes
TGFB1	Yes
TGFB1I1	Yes
TGFB2	Yes
TGFBI	Yes
TGFBR1	Yes
TGFBR2	Yes
TIAM1	Yes
TIAM2	Yes
TIGD5	Yes
TIMM8B	Yes
TIMP1	Yes
TIMP2	Yes
TIMP3	Yes
TINAG	Yes
TJP1	Yes
TJP2	Yes
TK1	Yes
TKT	Yes
TLN1	Yes
TLR4	Yes
TMEM135	Yes
TMEM30B	Yes
TMEM35A	Yes
TMX1	Yes
TNF	Yes
TNFAIP2	Yes
TNFAIP3	Yes
TNFSF10	Yes
TNNT2	Yes
TOM1	Yes
TP53	Yes
TP53BP2	Yes
TPM2	Yes
TPST1	Yes
TRAF1	Yes
TRAF3IP3	Yes
TRAF5	Yes
TREH	Yes
TRHR	Yes
TRIM2	Yes
TRIM3	Yes
TRIM32	Yes
TRIM37	Yes
TRIM38	Yes
TRIM44	Yes
TRIM9	Yes
TRPC1	Yes
TRPC5	Yes
TRPC6	Yes
TSC1	Yes
TSC2	Yes
TSG101	Yes
TSHZ1	Yes
TSHZ2	Yes
TSHZ3	Yes
TSNARE1	Yes
TSPAN1	Yes
TSPAN13	Yes
TSPAN2	Yes
TTC1	Yes
TTC8	Yes
TTC9B	Yes
TTN	Yes
TTR	Yes
TUSC3	Yes
TXNRD1	Yes
TYRO3	Yes
TYSND1	Yes
U2AF2	Yes
UBD	Yes
UGT2B10	Yes
UMOD	Yes
UNC5A	Yes
UPF1	Yes
UPK1A	Yes
UPK1B	Yes
UPK2	Yes
UPK3A	Yes
URAD	Yes
USF2	Yes
VAMP2	Yes
VASP	Yes
VCAM1	Yes
VCL	Yes
VDR	Yes
VEGFA	Yes
VEPH1	Yes
VHL	Yes
VPS28	Yes
VPS33B	Yes
VWF	Yes
WAS	Yes
WASF1	Yes
WASF2	Yes
WASHC5	Yes
WASL	Yes
WDR24	Yes
WEE1	Yes
WFDC2	Yes
WFS1	Yes
WNK1	Yes
WNT1	Yes
WNT10B	Yes
WNT11	Yes
WNT-11	Yes
WNT11B	Yes
WNT2	Yes
WNT2B	Yes
WNT3	Yes
WNT3A	Yes
WNT4	Yes
WNT5A	Yes
WNT5B	Yes
WNT6	Yes
WNT7B	Yes
WNT8B	Yes
WNT9A	Yes
WNT9B	Yes
WT1	Yes
WTIP	Yes
WWP2	Yes
XDH	Yes
XPO6	Yes
XPOT	Yes
YES1	Yes
YWHAG	Yes
YWHAQ	Yes
ZADH2	Yes
ZBTB11	Yes
ZBTB16	Yes
ZBTB25	Yes
ZBTB40	Yes
ZBTB43	Yes
ZBTB7A	Yes
ZBTB8A	Yes
ZC3H3	Yes
ZC3H6	Yes
ZC3H8	Yes
ZDHHC18	Yes
ZEB1	Yes
ZFAND5	Yes
ZFP105	Yes
ZFP120	Yes
ZFP142	Yes
ZFP174	Yes
ZFP219	Yes
ZFP236	Yes
ZFP248	Yes
ZFP281	Yes
ZFP3	Yes
ZFP341	Yes
ZFP358	Yes
ZFP36L2	Yes
ZFP413	Yes
ZFP438	Yes
ZFP558	Yes
ZFP655	Yes
ZFP688	Yes
ZFP692	Yes
ZFP709	Yes
ZFP738	Yes
ZFP758	Yes
ZFP760	Yes
ZFP777	Yes
ZFP780B	Yes
ZFP809	Yes
ZFP810	Yes
ZFP820	Yes
ZFP825	Yes
ZFP846	Yes
ZFP91	Yes
ZFP932	Yes
ZFP974	Yes
ZFR	Yes
ZKSCAN2	Yes
ZMPSTE24	Yes
ZNF142	Yes
ZNF174	Yes
ZNF219	Yes
ZNF236	Yes
ZNF248	Yes
ZNF281	Yes
ZNF296	Yes
ZNF35	Yes
ZNF358	Yes
ZNF438	Yes
ZNF558	Yes
ZNF639	Yes
ZNF644	Yes
ZNF655	Yes
ZNF668	Yes
ZNF688	Yes
ZNF697	Yes
ZNF709	Yes
ZNF711	Yes
ZNF777	Yes
ZNF862	Yes
ZP3	Yes
ZXDA	Yes
ZXDB	Yes
ZXDC	Yes
ZYX	Yes
